Day,No,Word,Meaning,Target_Score,TOEIC_Frequency,Word_Type,Difficulty,Theme,Synonyms,Antonyms,Related_Words
1,1,apply,"적용하다, 지원하다",650,10,verb,basic,인사/채용,"submit, register, implement","withdraw, retract","applicant, resume, deadline"
1,2,experience,"경험, 체험, 체험하다, 경험하다",650,10,noun,basic,인사/채용,"background, expertise, skill","inexperience, novice","qualification, resume, candidate"
1,3,position,"일자리,직책,두다",650,10,noun,basic,인사/채용,"role, occupation, post",none,"vacancy, applicant, salary"
1,4,professional,"전문적인,직업의,전문가",650,10,adjective,basic,인사/채용,"expert, skilled, competent","amateur, unskilled","qualification, expertise, specialized"
1,5,applicant,"지원자,신청자",650,10,noun,basic,인사/채용,"candidate, petitioner, job seeker","employer, recruiter","resume, interview, position"
1,6,interview,"면접,면접을 보다",650,10,noun,basic,인사/채용,"meeting, assessment, consultation",none,"hire, candidate, recruitment"
1,7,offer,"제공하다, 제공, 오퍼",650,10,noun,basic,인사/채용,"proposal, provide, bid","reject, deny","candidate, salary, negotiate"
1,8,join,~에 가입하다,650,10,verb,basic,인사/채용,"enroll, register, sign up","leave, withdraw","team, applicant, employment"
1,9,hire,고용하다,650,9,verb,basic,인사/채용,"employ, recruit, appoint","dismiss, fire, terminate","applicant, resume, interview"
1,10,qualified,"자격있는,적격의",650,9,adjective,basic,인사/채용,"eligible, competent, certified","unqualified, incompetent","certification, skill, applicant"
1,11,recruit,(신입 사원 등을)모집하다,650,9,verb,intermediate,인사/채용,"hire, employ, enlist","fire, dismiss","candidate, interview, applicant"
1,12,voluntarily,자발적으로,650,9,adverb,intermediate,인사/채용,"willingly, intentionally, spontaneously","involuntarily, obligatorily","participate, initiative, applicant"
1,13,specialize,"~을 전공하다,전문적으로 다루다",650,9,verb,intermediate,인사/채용,"focus, concentrate, major","generalize, diversify","expertise, professional, skilled"
1,14,reference,"추천서,참고",650,9,noun,intermediate,인사/채용,"referral, testimony, citation",none,"resume, recommendation, background check"
1,15,opening,"공석,결원;개장,개시",650,9,noun,basic,인사/채용,"vacancy, position, commencement","closure, full","recruit, candidate, applicant"
1,16,resume,이력서,650,9,noun,basic,인사/채용,"CV, application, profile",none,"interview, candidate, reference"
1,17,candidate,"후보자, 지원자",650,9,noun,basic,인사/채용,"applicant, interviewee, prospect",none,"resume, hiring, recruitment"
1,18,degree,학위,650,9,noun,basic,인사/채용,"qualification, certification, level",none,"diploma, education, requirement"
1,19,replacement,"교체, 후임자",650,9,noun,basic,인사/채용,"substitute, successor, proxy","original, predecessor","hire, vacant, equipment maintenance"
1,20,promising,"유망한, 전망이 좋은",650,9,adjective,intermediate,인사/채용,"hopeful, favorable, potential","disappointing, unlikely","outlook, prospective, candidate"
1,21,qualify,~의 자격을 얻다,650,9,verb,intermediate,인사/채용,"meet the requirements, be eligible, certify","disqualify, fail","credential, requirement, eligible"
1,22,coworker,"동료, 협력자",650,9,noun,basic,인사/채용,"colleague, associate, peer",none,"collaboration, staff, team"
1,23,select,"선발하다, 선택하다",650,9,verb,basic,인사/채용,"choose, pick, elect","reject, dismiss","candidate, recruit, interview"
1,24,skilled,"숙련된, 노련한",650,9,adjective,basic,인사/채용,"expert, proficient, competent","inexperienced, unskilled","qualification, expertise, training"
1,25,employer,고용주,650,9,noun,basic,인사/채용,"company, firm, proprietor","employee, applicant","hire, recruit, salary"
1,26,recommendation,"추천 사항, 추천",650,9,noun,intermediate,인사/채용,"suggestion, endorsement, advice","objection, rejection","reference, commendation, proposal"
1,27,appoint,"임명하다, 지명하다",650,9,verb,intermediate,인사/채용,"designate, nominate, select","dismiss, fire","interview, candidate, hire"
1,28,ability,능력,650,9,noun,basic,인사/채용,"capability, skill, competence","inability, incompetence","potential, qualification, performance"
1,29,diligent,성실한,650,8,adjective,intermediate,인사/채용,"conscientious, industrious, assiduous","lazy, neglectful","dedicated, performance, supervise"
1,30,certification,"증명서,증명",650,8,noun,intermediate,인사/채용,"accreditation, license, qualification",none,"qualified, credential, requirement"
1,31,proficiency,"숙달, 능숙",650,8,noun,intermediate,인사/채용,"competence, expertise, skill","inability, inexperience","certificate, qualified, assessment"
1,32,experienced,"경험이 있는, 노련한, 능숙한",650,8,adjective,basic,인사/채용,"seasoned, skilled, proficient","novice, inexperienced","qualification, expertise, professional"
1,33,capable,"~을 할 수 있는, ~할 능력이 있는",650,8,adjective,intermediate,인사/채용,"competent, able, skilled","incapable, unqualified","potential, expertise, fulfill"
1,34,dedicated,"(목표 등에) 전념하는, 헌신적인",650,8,adjective,intermediate,인사/채용,"committed, devoted, conscientious","indifferent, negligent","loyal, diligent, teamwork"
1,35,inexperienced,"경험 없는, 미숙한",650,8,adjective,intermediate,인사/채용,"novice, unskilled, unfamiliar","experienced, proficient","training, qualification, intern"
1,36,competent,"유능한, 능숙한",650,8,adjective,intermediate,인사/채용,"proficient, capable, qualified","incompetent, unskilled","expertise, assess, performance"
1,37,dismiss,"해임하다, 해고하다",650,8,verb,intermediate,인사/채용,"terminate, fire, discharge","hire, employ, retain","severance, employee, misconduct"
1,38,capability,"능력, 역량",650,8,noun,intermediate,인사/채용,"capacity, ability, competence","inability, incompetence","skill, qualification, proficiency"
1,39,nomination,"임명, 지명",650,8,noun,intermediate,인사/채용,"appointment, designation, selection","withdrawal, dismissal","candidate, hire, election"
1,40,resignation,"사임, 사직, 사직서",650,8,noun,intermediate,인사/채용,"quitting, departure, notice","hire, appointment","employment, retirement, severance"
1,41,accomplished,"숙련된, 노련한",650,7,adjective,advanced,인사/채용,"proficient, skilled, expert","novice, unskilled","professional, candidate, qualification"
1,42,confident,"확신하는, 자신 있는",650,7,adjective,intermediate,인사/채용,"assured, certain, convinced","doubtful, hesitant","interview, present, professional"
1,43,dedication,헌신,650,7,noun,intermediate,인사/채용,"commitment, devotion, loyalty","apathy, indifference","performance, motivation, employee"
1,44,biography,"약력, 전기",650,6,noun,intermediate,인사/채용,"profile, resume, curriculum vitae",none,"reference, applicant, background"
1,45,proficient,"능숙한,능한",650,5,other,intermediate,인사/채용,"skilled, expert, competent","inexperienced, novice","specialized, qualification, fluent"
1,46,impression,인상,650,5,other,intermediate,인사/채용,"perception, feeling, effect",none,"appearance, interview, presentation"
1,47,challenging,"도전적인,힘든",650,5,other,intermediate,인사/채용,"demanding, difficult, rigorous","easy, simple","assignment, responsibility, opportunity"
1,48,seek,"구하다, 찾다",650,5,other,intermediate,인사/채용,"pursue, look for, solicit","avoid, ignore","opportunity, applicant, effort"
1,49,permanent,영구적인,650,5,other,intermediate,인사/채용,"constant, lasting, fixed","temporary, brief","contract, stability, long-term"
1,50,innate,타고난,650,5,adjective,intermediate,인사/채용,"inherent, natural, intrinsic","acquired, learned","talent, potential, capacity"
1,51,immediately,"즉시, 곧",650,10,adverb,basic,사무/업무,"instantly, promptly, right away","eventually, later","urgent, schedule, deadline"
1,52,check,"검사, 검사하다, 조사하다, 확인하다",650,10,verb,basic,사무/업무,"inspect, verify, examine","overlook, neglect","audit, procedure, documentation"
1,53,efficiently,효율적으로,650,10,adverb,intermediate,사무/업무,"productively, effectively, quickly","inefficiently, poorly","optimize, streamline, output"
1,54,file,"서류, (서류를) 정리하다, 철하다, 정식으로 제기하다",650,10,noun,basic,사무/업무,"document, submit, register",none,"paperwork, record, organize"
1,55,deadline,"마감일, 마감 시간",650,10,noun,basic,사무/업무,"due date, cutoff, time limit","beginning, start","schedule, prioritize, submit"
1,56,extend,"연장하다, (기간을)늘리다,
(감사의 뜻을)말하다, 베풀다",650,10,verb,basic,사무/업무,"prolong, lengthen, offer","shorten, reduce","deadline, schedule, renewal"
1,57,additional,"추가의, 부가적인",650,10,adjective,basic,사무/업무,"extra, supplemental, auxiliary","initial, primary","attached, further, include"
1,58,need,"필요, 요구, 욕구, ~할 필요가 있다",650,10,noun,basic,사무/업무,"requirement, necessity, demand",superfluity,"essential, mandatory, fulfill"
1,59,submit,제출하다,650,10,verb,basic,사무/업무,"hand in, present, turn in","retrieve, withdraw","deadline, application, review"
1,60,upcoming,"곧 있을, 다가오는",650,10,adjective,basic,사무/업무,"forthcoming, approaching, imminent","previous, past","schedule, meeting, event"
1,61,present,"제시하다, 현재의, 참석한",650,10,verb,basic,사무/업무,"offer, display, submit","absent, past","conference, proposal, attendees"
1,62,issue,"(출판물의)제~호, 문제, 쟁점",650,10,noun,basic,사무/업무,"concern, matter, release",resolution,"address, resolve, publication"
1,63,period,"기간, 시기",650,10,noun,basic,사무/업무,"duration, interval, term",moment,"schedule, timeline, deadline"
1,64,requirement,"필요조건,요건",650,10,noun,basic,사무/업무,"prerequisite, specification, necessity","option, preference","standard, condition, qualify"
1,65,form,"종류, 유형, 양식",650,10,noun,basic,사무/업무,"document, application, type",none,"submit, complete, template"
1,66,current,"현재의, 현행의, 통용되는",650,10,adjective,basic,사무/업무,"present, ongoing, existing","previous, outdated","update, status, relevant"
1,67,promptly,"즉시, 정각에",650,10,adverb,intermediate,사무/업무,"immediately, punctually, swiftly","late, delayed","deadline, schedule, timely"
1,68,involve,"수반하다, 포함하다, 참여시키다",650,10,verb,basic,사무/업무,"entail, include, participate","exclude, omit","task, project, require"
1,69,efficiency,"효율, 능률",650,10,noun,basic,사무/업무,"productivity, competence, proficiency","inefficiency, wastefulness","manage, optimize, performance"
1,70,preparation,"준비, 대비",650,10,noun,basic,사무/업무,"readiness, arrangement, planning","unpreparedness, spontaneity","organize, schedule, deadline"
1,71,availability,"(입수)가능성, 유효성, 유용성",650,10,noun,intermediate,사무/업무,"accessibility, readiness, usefulness","scarcity, shortage","schedule, accessible, supply"
1,72,handle,"취급하다, 다루다",650,10,verb,basic,사무/업무,"manage, deal with, process","neglect, disregard","task, responsibility, organize"
1,73,process,"과정, 처리하다",650,10,noun,basic,사무/업무,"procedure, handle, method","halt, neglect","task, submit, procedure"
1,74,update,"갱신,개정,갱신하다, 최신의 것으로 하다",650,10,verb,basic,사무/업무,"refresh, revise, amend","neglect, halt","status, documentation, latest"
1,75,unavailable,"이용할 수 없는, 구할 수 없는",650,10,adjective,basic,사무/업무,"occupied, inaccessible, out of stock","available, accessible","schedule, capacity, delivery"
1,76,available,"(사물이) 이용 가능한, (사람이) 시간이 있는",650,10,adjective,basic,사무/업무,"accessible, obtainable, free","unavailable, occupied","schedule, resource, capacity"
1,77,regularly,정기적으로,650,10,adverb,basic,사무/업무,"frequently, periodically, consistently","rarely, irregularly","schedule, routine, maintenance"
1,78,schedule,~을 예정하다,650,10,verb,basic,사무/업무,"plan, arrange, timetable","postpone, delay","agenda, deadline, calendar"
1,79,require,요구하다,650,10,verb,basic,사무/업무,"demand, necessitate, mandate","waive, exempt","requirement, mandatory, fulfill"
1,80,participate,"참여하다, 참가하다",650,10,verb,basic,사무/업무,"attend, take part, engage","abstain, withdraw","attendance, involvement, contribution"
2,1,inform,~에게 알리다,650,10,verb,basic,의사소통,"notify, advise, communicate","conceal, hide","announcement, discussion, report"
2,2,note,"주목하다, 특별히 언급하다",650,10,verb,basic,의사소통,"remark, observe, mention","ignore, overlook","memo, notification, minutes"
2,3,notify,"~에게 통지하다, 알리다",650,10,verb,basic,의사소통,"inform, alert, communicate","ignore, conceal","memo, announcement, advise"
2,4,explain,설명하다,650,10,verb,basic,의사소통,"clarify, interpret, elaborate","confuse, obscure","instruction, detailed, comprehension"
2,5,announcement,"공고, 발표",650,10,noun,basic,의사소통,"notice, declaration, statement",none,"broadcast, publicize, inform"
2,6,request,"요청, 요청하다",650,10,verb,basic,의사소통,"inquiry, solicitation, appeal","denial, refusal","authorize, formally, approve"
2,7,indicate,"보여주다, 나타내다",650,10,verb,intermediate,의사소통,"show, signify, reveal","conceal, hide","inform, data, statement"
2,8,audience,"청중, 관중",650,10,noun,basic,의사소통,"spectators, listeners, attendees","speaker, presenter","presentation, discussion, address"
2,9,appreciate,"고맙게 생각하다, 높이 평가하다, 감상하다",650,10,verb,intermediate,의사소통,"value, acknowledge, recognize","overlook, criticize","gratitude, praise, feedback"
2,10,acknowledge,"인정하다, (편지 등의) 수령을 알리다",650,10,verb,intermediate,의사소통,"recognize, confirm receipt, admit","deny, ignore","inform, notify, receive"
2,11,attend,"참석하다, 출석하다",650,10,verb,basic,의사소통,"participate, be present, go to","miss, skip","meeting, conference, register"
2,12,contact,"~와 연락하다, 
(상업적 목적으로)교섭하고 있는 사람",650,10,verb,basic,의사소통,"communicate, reach, liaison","avoid, disassociate","inform, notify, address"
2,13,confirm,확인하다,650,10,verb,basic,의사소통,"verify, approve, validate","cancel, reject","reservation, schedule, verify"
2,14,cancel,취소하다,650,10,verb,basic,의사소통,"annul, revoke, call off","confirm, schedule","postpone, reservation, appointment"
2,15,discuss,"논의하다, 토론하다",650,10,verb,basic,의사소통,"consult, confer, deliberate","ignore, remain silent","meeting, agenda, negotiation"
2,16,response,"응답, 대답",650,10,noun,basic,의사소통,"reply, answer, feedback","question, silence","inform, notify, inquiry"
2,17,imply,"암시하다, 넌지시, 나타내다, 의미하다",650,10,verb,intermediate,의사소통,"suggest, indicate, signify","state, express","meaning, communicate, explicit"
2,18,recipient,수신자,650,10,noun,intermediate,의사소통,"receiver, beneficiary, addressee","sender, dispatcher","shipment, message, delivery address"
2,19,information,"정보, 자료",650,10,noun,basic,의사소통,"data, details, knowledge",none,"report, communication, notify"
2,20,conference,"회의, 회담",650,10,noun,basic,의사소통,"meeting, seminar, convention",none,"discussion, venue, agenda"
2,21,suggest,"제안하다, 추천하다",650,10,verb,basic,의사소통,"propose, recommend, advise","reject, withdraw","proposal, idea, discussion"
2,22,recommend,"권고하다, 추천하다",650,10,verb,basic,의사소통,"endorse, suggest, advise","criticize, oppose","referral, suggestion, approval"
2,23,clear,"말게 갠, 명백한, 분명한, 또렷하게, 완전히,
떨어져서",650,10,adjective,basic,의사소통,"explicit, distinct, evident","ambiguous, vague","clarify, instruction, transparent"
2,24,meeting,회의,650,10,noun,basic,의사소통,"conference, session, discussion",none,"agenda, minutes, schedule"
2,25,minutes,회의록,650,10,noun,basic,의사소통,"records, proceedings, summary",none,"agenda, document, finalize"
2,26,specifically,"명확하게, 분명히, 특히, 특별히",650,9,adverb,basic,의사소통,"explicitly, precisely, clearly","vaguely, generally","define, detail, instruction"
2,27,remind,"~에게 상기시키다, 일깨우다",650,9,verb,basic,의사소통,"notify, prompt, inform","forget, overlook","memo, announcement, instruction"
2,28,aware,"알고 있는, 인식하고 있는",650,9,adjective,basic,의사소통,"conscious, informed, knowledgeable","unaware, ignorant","notify, comprehend, information"
2,29,author,"작가, 저자",650,9,noun,basic,의사소통,"writer, creator, originator",none,"document, publication, manuscript"
2,30,overview,"개요, 개관",650,9,noun,basic,의사소통,"summary, synopsis, outline","detail, specifics","presentation, report, briefing"
2,31,advise,"조언해 주다, 충고하다",650,9,verb,basic,의사소통,"counsel, recommend, suggest",none,"consultant, feedback, inform"
2,32,release,"발표하다, 공개하다, 출시, 발매",650,9,noun,basic,의사소통,"disclose, publish, issue","conceal, withhold","statement, press conference, launch"
2,33,feedback,"의견, 반응",650,9,noun,basic,의사소통,"input, reaction, comments",none,"suggestion, review, evaluation"
2,34,discussion,"토론, 토의",650,9,noun,basic,의사소통,"deliberation, debate, conference",silence,"agenda, feedback, negotiate"
2,35,interact,"소통하다, 교류하다, 상호 작용을 하다",650,9,verb,basic,의사소통,"communicate, cooperate, engage","ignore, isolate","collaborate, discussion, relationship"
2,36,notice,"통지, 공고",650,9,noun,basic,의사소통,"announcement, memo, notification","secrecy, concealment","inform, circulate, warning"
2,37,respond,응답하다,650,9,verb,basic,의사소통,"reply, answer, acknowledge",ignore,"inquiry, feedback, communication"
2,38,summarize,요약하다,650,9,verb,intermediate,의사소통,"outline, condense, abstract","elaborate, expand","report, brief, presentation"
2,39,give,(연설·수업 등을) 하다,650,9,verb,basic,의사소통,"deliver, present, conduct",none,"speech, seminar, lecture"
2,40,announce,발표하다,650,9,verb,basic,의사소통,"notify, inform, state","conceal, hide","notification, disclosure, release"
2,41,correspondence,"편지, 통신문",650,9,noun,intermediate,의사소통,"communication, memo, email",none,"sender, recipient, document"
2,42,notification,통지,650,9,noun,intermediate,의사소통,"announcement, memo, notice",none,"inform, advise, communicate"
2,43,reveal,"밝히다, 누설하다",650,9,verb,intermediate,의사소통,"disclose, expose, unveil","conceal, hide","confidential, inform, announcement"
2,44,clearly,명확히,650,9,adverb,basic,의사소통,"distinctly, obviously, precisely","vaguely, ambiguously","explain, detail, explicit"
2,45,decline,"감소,하락,(초대·신청을)거절하다,감소하다,줄다",650,9,noun,intermediate,의사소통,"refuse, reject, decrease","accept, increase","proposal, invite, growth"
2,46,interested,"관련 있는, 관심이 있는",650,9,adjective,basic,의사소통,"involved, concerned, engaged","uninterested, indifferent","relevant, participation, inquiry"
2,47,interrupt,"중단시키다, 방해하다",650,9,verb,intermediate,의사소통,"halt, suspend, disrupt","continue, proceed","delay, reschedule, discussion"
2,48,regard,"~을 -으로 간주하다, 여기다, 관심, 배려",650,9,verb,basic,의사소통,"consider, view, concern","disregard, ignore","reference, perspective, respect"
2,49,presentation,발표,650,9,noun,basic,의사소통,"speech, briefing, report",none,"audience, visual aid, seminar"
2,50,alternatively,"그렇지 않으면, 그 대신에",650,9,adverb,intermediate,의사소통,"instead, otherwise, optionally","necessarily, primarily","choice, option, recommendation"
2,51,informed,정보에 근거한,650,9,adjective,intermediate,의사소통,"knowledgeable, aware, educated","ignorant, uninformed","data, analysis, decision"
2,52,mention,언급하다,650,9,verb,basic,의사소통,"state, note, refer","conceal, disregard","comment, report, discussion"
2,53,emphasis,"강조, 중점",650,9,noun,intermediate,의사소통,"stress, priority, focus","understatement, triviality","importance, highlight, convey"
2,54,suggestion,제안,650,9,noun,basic,의사소통,"proposal, recommendation, advice","rejection, demand","feedback, propose, discuss"
2,55,agenda,"의제, 의사일정",650,9,noun,intermediate,의사소통,"program, schedule, curriculum",none,"meeting, discuss, coordinate"
2,56,attention,"주의, 경청",650,9,noun,basic,의사소통,"focus, notice, mindfulness","neglect, distraction","notify, inform, concentrate"
2,57,advice,"조언, 충고",650,9,noun,basic,의사소통,"counsel, recommendation, guidance",none,"consult, inform, discuss"
2,58,relation,관계,650,9,noun,basic,의사소통,"connection, link, association",separation,"communicate, network, client"
2,59,summary,"요약, 개요",650,9,noun,basic,의사소통,"overview, abstract, brief","expansion, detail","report, conclusion, documentation"
2,60,participation,"참여, 참가, 가입",650,9,noun,basic,의사소통,"involvement, engagement, attendance","absence, withdrawal","attend, register, session"
2,61,demonstrate,"증명하다, (모형 〮실험 등으로) 설명하다",650,8,verb,intermediate,의사소통,"show, prove, illustrate","conceal, hide","presentation, explain, verify"
2,62,convey,(용건을) 전달하다,650,8,verb,intermediate,의사소통,"communicate, transmit, relate","withhold, conceal","message, inform, notify"
2,63,anonymous,"익명의, 이름을 모르는",650,8,adjective,intermediate,의사소통,"unnamed, unidentified, undisclosed","identified, public","feedback, survey, confidential"
2,64,informative,"유익한, 정보를 주는",650,8,adjective,basic,의사소통,"educational, instructive, insightful","useless, vague","discuss, detail, brief"
2,65,clarify,명확하게 하다,650,8,verb,intermediate,의사소통,"explain, elaborate, define","confuse, obscure","instruction, detail, articulate"
2,66,disclose,"공개하다, 드러내다",650,8,verb,intermediate,의사소통,"reveal, divulge, unveil","conceal, hide","confidentially, notification, inform"
2,67,refuse,거절하다,650,8,verb,basic,의사소통,"decline, reject, turn down","accept, approve","negotiate, request, deny"
2,68,confuse,혼란시키다,650,8,verb,basic,의사소통,"perplex, baffle, obscure","clarify, explain","miscommunication, misunderstanding, ambiguous"
2,69,aspect,"관점, 국면",650,8,noun,intermediate,의사소통,"facet, feature, dimension","entirety, whole","perspective, detail, consideration"
2,70,outline,"개요, 설명하다, 약술하다",650,8,noun,intermediate,의사소통,"summary, overview, summarize","detail, elaborate","proposal, presentation, brief"
2,71,politely,"공손하게, 예의바르게",650,8,adverb,basic,의사소통,"courteously, respectfully, civilly","rudely, abruptly","address, correspondence, interact"
2,72,brief,"~에게 간단히 설명하다, 브리핑 하다",650,8,verb,intermediate,의사소통,"inform, instruct, summarize","conceal, elaborate","meeting, update, agenda, instruction"
2,73,regrettably,유감스럽게도,650,8,adverb,intermediate,의사소통,"unfortunately, sadly, unhappily","fortunately, happily","apologize, sincerely, inconvenience, delay"
2,74,persuasive,설득력 있는,650,8,adjective,intermediate,의사소통,"convincing, compelling, eloquent","weak, unconvincing","negotiation, debate, argument"
2,75,emphasize,강조하다,650,8,verb,intermediate,의사소통,"highlight, stress, underscore","minimize, overlook","remark, notify, discuss"
2,76,convince,"납득시키다, 확신시키다",650,8,verb,intermediate,의사소통,"persuade, assure, satisfy","dissuade, confuse","influence, proposal, argument"
2,77,comment,"논평하다, 언급하다",650,8,verb,basic,의사소통,"remark, statement, note","silence, withhold","feedback, discussion, inquiry"
2,78,refreshments,"다과, 가벼운 음식물",650,8,noun,intermediate,의사소통,"snacks, beverages, catering",none,"venue, meeting, catering service"
2,79,consult,"상의하다, 상담하다",650,8,verb,basic,의사소통,"confer, advise, deliberate","ignore, decide","advice, expert, recommendation"
2,80,lecture,"강의, 강연",650,8,noun,basic,의사소통,"presentation, seminar, talk",none,"instructor, curriculum, training"
3,1,local,"지방의, 고장의",650,10,adjective,basic,시설/장소,"regional, domestic, neighborhood","global, international","venue, facility, location"
3,2,area,"지역, 구역",650,10,noun,basic,시설/장소,"region, zone, section",none,"location, vicinity, premises"
3,3,repair,수리하다,650,10,verb,basic,시설/장소,"fix, mend, restore","damage, break","maintenance, service, equipment"
3,4,reserved,"예약된, 예약한, 지정된",650,10,adjective,basic,시설/장소,"booked, secured, designated","available, unoccupied","appointment, confirmation, venue"
3,5,location,"장소, 위치",650,10,noun,basic,시설/장소,"venue, site, area",none,"facility, address, premises"
3,6,construction,"건설, 건축",650,10,noun,basic,시설/장소,"building, structure, development","demolition, destruction","site, blueprint, facility"
3,7,renovation,"수리, 개조",650,10,noun,basic,시설/장소,"refurbishment, overhaul, restoration","demolition, decay","facility, maintenance, construction"
3,8,expand,"확장하다, 확대하다",650,9,verb,intermediate,시설/장소,"broaden, enlarge, grow","reduce, contract, shrink","facility, acquisition, capacity"
3,9,accessible,"출입할 수 있는, 이용할 수 있는",650,9,adjective,intermediate,시설/장소,"available, reachable, obtainable","restricted, unavailable","facility, access, entry"
3,10,headquarters,본부,650,9,noun,basic,시설/장소,"main office, central office, corporate center","branch, subsidiary","facility, premises, location"
3,11,reserve,"예약하다, 지정하다, 보존하다",650,9,verb,basic,시설/장소,"book, secure, arrange","cancel, release","accommodation, venue, schedule"
3,12,admission,입장,650,9,noun,intermediate,시설/장소,"entry, access, admittance","refusal, exclusion","ticket, venue, facility"
3,13,equipment,"장비, 설비",650,9,noun,basic,시설/장소,"apparatus, machinery, gear",none,"facility, maintenance, install"
3,14,check in,"체크인하다, 숙박 수속을 하다",650,9,phrase,basic,시설/장소,"register, report arrival, confirm presence","check out, depart","reservation, reception, accommodation"
3,15,locate,"(~의 위치를) 찾아내다, ~을 위치시키다",650,9,verb,basic,시설/장소,"pinpoint, discover, situate","misplace, lose","site, proximity, facility"
3,16,conveniently,편리하게,650,9,adverb,intermediate,시설/장소,"easily, suitably, handily",inconveniently,"location, access, proximity"
3,17,power,"전력, 전기",650,9,noun,basic,시설/장소,"electricity, energy, current","outage, darkness","utility, maintenance, facility"
3,18,reception,"환영회, (호텔·회사·병원 등의) 접수처",650,9,noun,basic,시설/장소,"welcome desk, front desk, greeting",none,"lobby, venue, attendant"
3,19,seating,"(집합적)좌석 설비, 좌석 배열",650,9,noun,basic,시설/장소,"arrangement, capacity, accommodation",none,"venue, reservation, layout"
3,20,occupancy,(호텔 등의) 이용률,650,9,noun,advanced,시설/장소,"utilization, capacity, tenancy",vacancy,"room rate, reservation, facility"
3,21,amenity,편의 시설,650,9,noun,intermediate,시설/장소,"feature, convenience, facility","drawback, inadequacy","premises, equipment, maintenance"
3,22,host,(대회 등을) 주최하다,650,9,verb,intermediate,시설/장소,"organize, hold, arrange","attend, cancel","venue, conference, convention"
3,23,tour,"(공장·시설 등의) 견학, 짧은 여행",650,9,noun,basic,시설/장소,"visit, inspection, viewing",none,"facility, premises, operation"
3,24,expansion,"확장, 팽창",650,9,noun,intermediate,시설/장소,"growth, enlargement, extension","reduction, contraction","facility, premises, investment"
3,25,furnished,가구가 비치된,650,9,adjective,intermediate,시설/장소,"equipped, fitted, supplied","unfurnished, bare","equipment, amenities, facility"
3,26,spacious,(공간이)넓은,650,9,adjective,basic,시설/장소,"roomy, expansive, sizable","cramped, confined","premises, accommodation, capacity"
3,27,restore,"복구하다, 회복시키다",650,9,verb,intermediate,시설/장소,"repair, renovate, recover","damage, destroy","maintenance, repair, facility"
3,28,residence,"거주지, 주택",650,9,noun,basic,시설/장소,"dwelling, housing, domicile",none,"premises, accommodation, location"
3,29,platform,승강장,650,9,noun,basic,시설/장소,"stage, structure, terminal",none,"venue, location, premises"
3,30,closure,폐쇄,650,9,noun,basic,시설/장소,"shutdown, termination, discontinuance","opening, commencement","facility, premises, relocate"
3,31,decorate,장식하다,650,8,verb,intermediate,시설/장소,"furnish, adorn, embellish","strip, simplify","facility, premises, interior"
3,32,comfortable,편안한,650,8,adjective,basic,시설/장소,"cozy, relaxed, convenient","uncomfortable, inconvenient","environment, seating, facility"
3,33,relocate,(공장 등을) 이전하다,650,8,verb,intermediate,시설/장소,"move, transfer, displace","stay, remain","premises, facility, lease, site"
3,34,appearance,"외관, 외모",650,8,noun,intermediate,시설/장소,"look, facade, presence","essence, content","design, exterior, presentation"
3,35,crowded,"붐비는, 복잡한",650,8,adjective,basic,시설/장소,"packed, congested, jammed","empty, deserted","venue, capacity, traffic"
3,36,designated,지정된,650,8,adjective,intermediate,시설/장소,"specified, appointed, assigned","unspecified, unauthorized","venue, location, access"
3,37,proximity,"가까움, 근접함",650,8,noun,intermediate,시설/장소,"closeness, vicinity, nearness","distance, remoteness","facility, premises, location"
3,38,attraction,관광 명소,650,8,noun,basic,시설/장소,"site, venue, landmark",none,"tourism, destination, location"
3,39,beverage,음료,650,8,noun,intermediate,시설/장소,"drink, refreshment, liquid",none,"catering, provision, consumption"
3,40,unoccupied,"(집 등이) 비어있는, 사람이 살지 않는",650,8,adjective,intermediate,시설/장소,"vacant, empty, available","occupied, full","lease, tenancy, property"
3,41,leak,"누출, 누출량, (물·빛이) 새게 하다",650,8,noun,basic,시설/장소,"disclosure, seepage, spill","containment, seal","maintenance, repair, facility"
3,42,intersection,"교차로, 교차 지점",650,8,noun,intermediate,시설/장소,"crossing, junction, interchange",none,"traffic, venue, route"
3,43,banquet,"연회, 만찬",650,7,noun,intermediate,시설/장소,"feast, reception, formal dinner",none,"venue, capacity, catering"
3,44,function,"행사, 연회",650,7,noun,intermediate,시설/장소,"event, gathering, reception",none,"venue, facility, reservation"
3,45,dense,"빽빽한, 밀집한",650,7,adjective,intermediate,시설/장소,"concentrated, compact, crowded","sparse, scattered","premises, layout, capacity"
3,46,dispose,"처분하다, 처리하다",650,7,verb,intermediate,시설/장소,"discard, eliminate, handle","retain, acquire","waste, equipment, facility"
3,47,inaccessible,"접근이 불가능한, 이용이 불가능한",650,7,adjective,intermediate,시설/장소,"unattainable, unavailable, restricted","accessible, available","premises, restricted, utilization"
3,48,equip,"갖추다, 설비하다",650,7,verb,intermediate,시설/장소,"furnish, provide, supply","disarm, divest","equipment, facility, installation"
3,49,cleanliness,청결,650,7,noun,intermediate,시설/장소,"hygiene, sanitation, spotlessness","dirtiness, contamination","maintenance, facility, standard"
3,50,drape,(방 등을 커튼 등으로)장식하다,650,6,verb,intermediate,시설/장소,"cover, adorn, decorate","uncover, expose","fixture, interior, premises"
3,51,elegant,"우아한, 고상한",650,6,adjective,intermediate,시설/장소,"sophisticated, refined, graceful","sloppy, crude","aesthetic, decor, premium"
3,52,security,"보안,안전,보호",650,5,other,intermediate,시설/장소,"safety, protection, safeguard","vulnerability, danger","access, protocol, surveillance"
3,53,densely,"빽빽히, 밀집하여",650,5,other,intermediate,시설/장소,"compactly, tightly, closely","sparsely, loosely","area, concentration, proximity"
3,54,district,"지역, 지구",650,5,other,intermediate,시설/장소,"zone, area, region",none,"location, premises, facility"
3,55,relocation,"이전, 재배치",650,5,other,intermediate,시설/장소,"move, shift, transfer",none,"site, facility, lease, premises"
3,56,adjacent,인접한,650,5,other,intermediate,시설/장소,"neighboring, adjoining, nearby","distant, separate","proximity, location, facility"
3,57,install,"설치하다, 장치하다",650,5,other,intermediate,시설/장소,"set up, position, implement","remove, dismantle","maintenance, equipment, configuration"
3,58,architect,건축가,650,5,other,intermediate,시설/장소,"designer, planner, builder",none,"blueprint, construction, structure"
3,59,utility,"공공시설, 공공요금",650,5,other,intermediate,시설/장소,"service, amenity, resource",none,"maintenance, infrastructure, billing"
3,60,less,"보다 적은, 덜한",650,10,adjective,basic,재무/회계,"fewer, smaller, reduced","more, greater","expense, budget, decrease"
3,61,cover,"포함하다, 지불하다, 덮다",650,10,verb,basic,재무/회계,"include, compensate, reimburse","exclude, omit","expense, budget, policy"
3,62,demand,"수요, 요구하다",650,10,noun,intermediate,재무/회계,"requirement, request, necessity","supply, surplus","forecast, inventory, consumer"
3,63,outstanding,"우수한, (부채 등이)미지불 된",650,10,adjective,intermediate,재무/회계,"excellent, superior, unpaid","mediocre, settled","balance, overdue, performance"
3,64,price,가격,650,10,noun,basic,재무/회계,"cost, rate, fee",none,"budget, expense, quote"
3,65,reduce,"줄이다, 감소시키다",650,10,verb,basic,재무/회계,"decrease, lower, minimize","increase, expand","budget, expense, cost"
3,66,cost,"비용, (비용)이 들다",650,10,noun,basic,재무/회계,"expense, price, charge","revenue, income","budget, invoice, fee"
3,67,total,"총계의, 전부의",650,10,adjective,basic,재무/회계,"entire, comprehensive, sum","partial, incomplete","amount, calculation, figure"
3,68,financial,"재정의, 금전상의",650,10,adjective,basic,재무/회계,"monetary, fiscal, economic",none,"accounting, investment, assets"
3,69,annual,매년의,650,10,adjective,basic,재무/회계,"yearly, recurring, periodic","daily, infrequent","report, budget, review"
3,70,increase,"인상, 증가, 증가하다",650,10,noun,basic,재무/회계,"raise, growth, expansion","decrease, reduction","revenue, profit, cost"
3,71,nearly,"거의, 대략",650,10,adverb,basic,재무/회계,"almost, approximately, virtually","exactly, precisely","estimate, calculation, total"
3,72,rate,요금,650,10,noun,basic,재무/회계,"fee, charge, price",none,"cost, expense, estimate"
3,73,revenue,수입,650,10,noun,basic,재무/회계,"income, earnings, gross","expense, expenditure","profit, budget, ledger"
3,74,sale,"매출액, 매상고, (할인) 판매",650,10,noun,basic,재무/회계,"turnover, transaction, revenue","purchase, acquisition","profit, budget, margin"
3,75,profit,"수익, 이익",650,10,noun,basic,재무/회계,"earnings, gain, return","loss, expense","revenue, budget, income"
3,76,statement,"명세서, 성명서",650,10,noun,basic,재무/회계,"declaration, report, summary","denial, ambiguity","invoice, account, balance"
3,77,increasing,증가하는,650,10,adjective,basic,재무/회계,"rising, growing, expanding","decreasing, shrinking","trend, revenue, growth"
3,78,accounting,회계,650,10,noun,basic,재무/회계,"bookkeeping, finance, auditing",none,"budget, expense, transaction"
3,79,account,"계좌, 설명, 고려, (~의 이유를) 밝히다, 설명하다
(~의 비율을) 차지하다",650,10,noun,basic,재무/회계,"ledger, statement, explanation",none,"balance, transaction, report"
3,80,budget,예산,650,10,noun,basic,재무/회계,"estimate, funds, allocation",none,"expense, revenue, finance"
4,1,target,"목표, 목표로 삼다",650,10,noun,basic,마케팅/광고,"goal, objective, aim",none,"strategy, achievement, revenue"
4,2,feature,"특징, 특색, 특징으로 삼다, 특별히 포함하다",650,10,noun,basic,마케팅/광고,"characteristic, attribute, highlight",none,"design, specification, product"
4,3,promote,"승진시키다, 촉진하다",650,10,verb,basic,마케팅/광고,"advertise, advance, boost","demote, hinder","campaign, strategy, product"
4,4,competitor,"경쟁업체, 경쟁자",650,10,noun,basic,마케팅/광고,"rival, challenger, opposition","partner, ally","market share, strategy, industry"
4,5,prospective,"장래의,미래의",650,9,adjective,intermediate,마케팅/광고,"potential, future, promising","past, former","client, lead, opportunity"
4,6,popular,인기 있는,650,9,adjective,basic,마케팅/광고,"prevalent, favored, accepted","unpopular, obscure","demand, trend, visibility"
4,7,competition,경쟁,650,9,noun,intermediate,마케팅/광고,"rivalry, contest, market","cooperation, partnership","competitor, market share, strategy"
4,8,increasingly,"점점, 더욱더",650,9,adverb,intermediate,마케팅/광고,"progressively, steadily, gradually","decreasingly, rarely","trend, market share, growth"
4,9,boost,"(경기를) 부양시키다, 상승시키다",650,9,verb,intermediate,마케팅/광고,"increase, raise, stimulate","decrease, suppress","revenue, profit, sales"
4,10,launch,(신제품을) 출시하다,650,9,verb,basic,마케팅/광고,"release, introduce, debut","withdraw, discontinue","product line, marketing, campaign"
4,11,advertisement,광고,650,9,noun,basic,마케팅/광고,"commercial, promotion, ad",none,"publicity, media, target audience"
4,12,campaign,"운동, 캠페인",650,9,noun,basic,마케팅/광고,"drive, initiative, effort",none,"strategy, marketing, promote"
4,13,introduce,"(신제품을) 발표하다, 소개하다",650,9,verb,basic,마케팅/광고,"launch, unveil, present","withdraw, discontinue","announcement, product, campaign"
4,14,attract,"끌다, 유인하다",650,9,verb,basic,마케팅/광고,"appeal, entice, lure","repel, deter","consumer, demand, prospect"
4,15,prospect,"전망, 예상",650,9,noun,intermediate,마케팅/광고,"outlook, potential, forecast","certainty, history","viable, market, opportunity"
4,16,strategy,전략,650,9,noun,intermediate,마케팅/광고,"plan, approach, tactic","randomness, disorder","objective, goal, implementation"
4,17,brochure,"(홍보용) 소책자, 브로셔",650,9,noun,basic,마케팅/광고,"pamphlet, leaflet, flyer",none,"advertise, promotion, distribution"
4,18,press,"언론(계), 보도기관, 누르다",650,9,noun,basic,마케팅/광고,"media, journalism, coverage",none,"announce, public relations, release"
4,19,appeal,"관심을 끌다, 매력적이다",650,8,verb,intermediate,마케팅/광고,"attract, entice, captivate","repel, discourage","marketing, promotion, consumer"
4,20,draw,"끌다, 끌어당기다",650,8,verb,basic,마케팅/광고,"attract, lure, entice","repel, discourage","appeal, audience, promotion"
4,21,commercial,"상업의, 상업적인, 광고",650,8,adjective,intermediate,마케팅/광고,"business, promotional, marketable","non-profit, private","advertisement, revenue, transaction"
4,22,exhibition,전시회,650,8,noun,intermediate,마케팅/광고,"trade show, expo, display",none,"venue, marketing, promote"
4,23,renowned,"저명한, 유명한, 명성이 있는",650,8,adjective,intermediate,마케팅/광고,"famous, notable, celebrated","unknown, obscure","reputation, prestigious, expert"
4,24,demonstration,"설명, 드러냄, 시연",650,8,noun,intermediate,마케팅/광고,"presentation, display, exhibition","concealment, hiding","showcase, launch, illustrate"
4,25,surpass,"~을 능가하다, 넘어서다",650,8,verb,intermediate,마케팅/광고,"exceed, excel, outdo","fail, fall short","benchmark, achievement, performance"
4,26,sponsor,"후원하다, 후원자",650,8,verb,basic,마케팅/광고,"fund, support, finance","oppose, boycott","advertisement, campaign, endorse"
4,27,edge,"우위, 유리함, 가장자리, 끝",650,8,noun,intermediate,마케팅/광고,"advantage, superiority, lead","disadvantage, drawback","competitor, leverage, strategy"
4,28,publicize,"공표하다, 광고하다, 선전하다",650,7,verb,intermediate,마케팅/광고,"promote, advertise, announce","conceal, suppress","campaign, media, release"
4,29,aggressively,적극적으로,650,7,adverb,intermediate,마케팅/광고,"vigorously, proactively, assertively","passively, mildly","strategy, campaign, competitive"
4,30,prominently,"눈에 잘 띄게, 두드러지게",650,7,adverb,intermediate,마케팅/광고,"visibly, conspicuously, noticeably","subtly, hidden","display, feature, highlight"
4,31,browse,"훑어보다, 둘러보다",650,7,verb,intermediate,마케팅/광고,"look through, scan, examine","scrutinize, purchase","online catalog, selection, retail"
4,32,dealer,"판매업자, 상인",650,7,noun,basic,마케팅/광고,"vendor, retailer, distributor","customer, buyer","supply chain, procurement, sales"
4,33,entry,"(경기 등의) 참가자, 출품물",650,7,noun,intermediate,마케팅/광고,"submission, contestant, participant",none,"competition, application, registration"
4,34,prominent,"유명한, 두드러진",650,7,adjective,intermediate,마케팅/광고,"noticeable, distinguished, significant","minor, obscure","reputation, feature, campaign"
4,35,prevalent,"유행하고 있는, 널리 퍼진",650,7,adjective,intermediate,마케팅/광고,"common, widespread, pervasive","rare, unusual","trend, general, ubiquitous"
4,36,desire,"욕구, 갈망, 원하다, 바라다",650,6,noun,intermediate,마케팅/광고,"wish, craving, aspiration","indifference, dislike","demand, consumer, preference"
4,37,exotic,"이국적인, 매혹적인",650,6,adjective,intermediate,마케팅/광고,"foreign, tropical, unusual","familiar, domestic","destination, tourism, attractive"
4,38,celebrity,"유명 인사, 명사",650,6,noun,intermediate,마케팅/광고,"dignitary, notable, figure","nobody, unknown","endorsement, spokesperson, campaign"
4,39,bargain,"특가품, 흥정",650,5,other,intermediate,마케팅/광고,"deal, discount, special offer",overcharge,"negotiation, purchase, affordable"
4,40,acclaim,"호평, 찬사",650,5,other,intermediate,마케팅/광고,"praise, recognition, commendation","criticism, disapproval","review, reputation, positive"
4,41,market,시장,650,5,other,intermediate,마케팅/광고,"marketplace, demand, industry",none,"target, consumer, analyze"
4,42,retail,소매,650,5,other,intermediate,마케팅/광고,"sales, commerce, merchandising",wholesale,"consumer, purchase, chain store"
4,43,agree,동의하다,650,10,verb,basic,계약/협상,"consent, concur, assent","disagree, object","contract, approve, terms"
4,44,condition,조건,650,10,noun,basic,계약/협상,"term, requirement, stipulation",none,"contract, agreement, policy"
4,45,extended,"(기간 등을)연장한, 장기간에 걸친",650,9,adjective,intermediate,계약/협상,"prolonged, lengthened, continuous","short, brief, limited","terminate, renew, duration"
4,46,exclusive,"독점적인, 배타적인",650,9,adjective,intermediate,계약/협상,"sole, private, proprietary","shared, open","contract, agreement, limited"
4,47,fulfill,"(조건을) 만족시키다, (약속 및 의무 등을) 지키다, 이행하다",650,9,verb,intermediate,계약/협상,"satisfy, meet, execute","fail, neglect","requirement, obligation, commitment"
4,48,advantage,"이점, 강점",650,9,noun,basic,계약/협상,"benefit, asset, superiority","disadvantage, drawback","leverage, competitor, proposal"
4,49,accept,"수락하다, 승낙하다",650,9,verb,basic,계약/협상,"agree, approve, consent","reject, decline","proposal, offer, terms"
4,50,propose,제안하다,650,9,verb,basic,계약/협상,"suggest, recommend, submit","withdraw, reject","proposal, negotiation, terms"
4,51,reject,"거절하다, 거부하다",650,9,verb,intermediate,계약/협상,"decline, refuse, deny","accept, approve","proposal, application, unsuccessful"
4,52,lease,임대차(계약),650,9,noun,basic,계약/협상,"rent, agreement, tenancy","purchase, ownership","contract, renew, property"
4,53,contractor,"계약자, 도급업자",650,9,noun,intermediate,계약/협상,"vendor, freelancer, consultant","employee, staff","contract, agreement, hire"
4,54,exclusively,"오로지, 독점적으로",650,8,adverb,intermediate,계약/협상,"solely, uniquely, strictly","inclusively, generally","contract, agreement, clause"
4,55,mutually,"서로, 상호간에",650,8,adverb,intermediate,계약/협상,"reciprocally, jointly, together","individually, separately","agreement, negotiation, compromise"
4,56,expiration,"(기간·임기 등의) 만료, 만기",650,8,noun,intermediate,계약/협상,"expiry, termination, deadline","inception, beginning","renewal, valid, duration"
4,57,warranty,"(품질 등의) 보증, 보증서",650,8,noun,intermediate,계약/협상,"guarantee, assurance, coverage",none,"defect, term, service"
4,58,amend,수정하다,650,8,verb,intermediate,계약/협상,"revise, modify, alter","maintain, preserve","revision, clause, document"
4,59,consent,"동의, 허락",650,8,noun,intermediate,계약/협상,"agreement, permission, approval","refusal, dissent","signature, authorization, term"
4,60,contrary,반대,650,7,noun,intermediate,계약/협상,"opposite, conflicting, opposing","agreement, conformity","dispute, objection, disagreement"
4,61,acquisition,"인수, 구입한 것",650,7,noun,intermediate,계약/협상,"takeover, purchase, merger","divestiture, sale","contract, negotiation, agreement"
4,62,reluctantly,"마지못해, 꺼려하여",650,6,adverb,intermediate,계약/협상,"unwillingly, hesitantly, grudgingly","willingly, eagerly","agreement, negotiate, comply"
4,63,negotiation,"협상,교섭",650,5,other,intermediate,계약/협상,"bargaining, discussion, dealing",none,"contract, agreement, compromise"
4,64,stipulation,계약 조건,650,5,other,intermediate,계약/협상,"condition, term, provision",none,"contract, clause, agreement"
4,65,agreement,"계약,협정,합의",650,5,other,intermediate,계약/협상,"contract, understanding, settlement","dispute, disagreement","sign, terms, negotiation"
4,66,compromise,"타협,화해",650,5,other,intermediate,계약/협상,"negotiation, settlement, adjustment","disagreement, stalemate","contract, agreement, dispute"
4,67,deadlock,교착 상태,650,5,other,intermediate,계약/협상,"stalemate, impasse, standoff","breakthrough, agreement","compromise, negotiation, dispute"
4,68,proposal,"제안,계획",650,5,other,intermediate,계약/협상,"suggestion, plan, submission","rejection, withdrawal","contract, negotiate, terms"
4,69,term,"조건, 임기, 기한",650,5,other,intermediate,계약/협상,"condition, provision, duration",none,"agreement, contract, negotiate"
4,70,expire,(계약 등이)만료되다,650,5,other,intermediate,계약/협상,"terminate, lapse, run out","renew, validate","contract, renewal, term"
4,71,contract,"계약(서),계약하다,수축하다",650,5,other,intermediate,계약/협상,"agreement, treaty, pact","disagreement, breach","negotiate, terms, clause"
4,72,signature,서명,650,5,other,intermediate,계약/협상,"autograph, endorsement, inscription",none,"authorization, document, contract"
4,73,renew,(계약 등을)갱신하다,650,5,other,intermediate,계약/협상,"extend, reestablish, renovate","cancel, terminate","contract, agreement, expiration"
4,74,dispute,"분쟁,논쟁",650,5,other,intermediate,계약/협상,"conflict, argument, disagreement","agreement, harmony","negotiation, settlement, lawsuit"
4,75,option,선택권,650,5,other,intermediate,계약/협상,"choice, selection, alternative","requirement, obligation","alternative, preference, mandatory"
4,76,objection,"반대,이의",650,5,other,intermediate,계약/협상,"opposition, protest, challenge","agreement, approval","negotiate, dispute, resolution"
4,77,bid,입찰,650,5,other,intermediate,계약/협상,"offer, tender, proposal","withdrawal, retraction","contract, quotation, procurement"
4,78,subject,"~의 영향을 받기 쉬운, (동의 등을)조건으로 하는
~에게 (~을) 받게하다",650,5,other,intermediate,계약/협상,"conditional, dependent, liable","unconditional, independent","term, provision, approval"
4,79,settle,"해결하다,처리하다",650,5,other,intermediate,계약/협상,"resolve, conclude, reconcile","complicate, prolong","negotiation, dispute, agreement"
4,80,terminate,"끝내다,종결시키다",650,5,other,intermediate,계약/협상,"end, cancel, cease","commence, extend","contract, expiration, clause"
5,1,meet,(필요〮요구 등을 만족시키다),650,10,verb,basic,생산/제조,"satisfy, fulfill, comply with","fail, miss","standard, requirement, specification"
5,2,manufacturer,"제조 회사, 제조업자",650,10,noun,basic,생산/제조,"producer, maker, factory","customer, retailer","produce, assembly, supply"
5,3,quality,"품질, 질",650,10,noun,basic,생산/제조,"standard, characteristic, excellence","inferiority, defect","inspection, production, standard"
5,4,reliable,"믿을 만한, 신뢰할 수 있는",650,10,adjective,intermediate,생산/제조,"dependable, trustworthy, consistent","unreliable, unstable","quality, standard, guarantee"
5,5,productivity,생산성,650,10,noun,basic,생산/제조,"efficiency, output, capacity","inefficiency, idleness","manufacture, operate, performance"
5,6,operation,수술,650,10,noun,basic,생산/제조,"running, process, function","standstill, closure","operate, procedure, management"
5,7,manufacturing,제조(업)의,650,9,other,basic,생산/제조,"production, assembly, fabrication",none,"quality control, operate, facility"
5,8,inspection,"점검, 검사",650,9,noun,intermediate,생산/제조,"examination, check, review","oversight, neglect","quality, standard, compliance"
5,9,acceptable,"용인되는, 받아들일 수 있는, 훌륭한, 
만족스러운",650,9,adjective,intermediate,생산/제조,"satisfactory, adequate, suitable","unacceptable, insufficient","standard, quality control, requirement"
5,10,operate,"(기계 등이) 작동하다, 움직이다",650,9,verb,basic,생산/제조,"function, run, manage","fail, halt","machinery, maintenance, procedure"
5,11,sufficiently,충분히,650,9,adverb,intermediate,생산/제조,"adequately, enough, satisfactorily","insufficiently, poorly","requirement, capacity, standard"
5,12,produce,생산하다,650,9,verb,basic,생산/제조,"manufacture, generate, yield","consume, destroy","output, facility, operations"
5,13,defective,결함이 있는,650,9,adjective,intermediate,생산/제조,"flawed, faulty, imperfect","functional, flawless","recall, guarantee, quality control"
5,14,capacity,"용량, 수용력, 역할",650,9,noun,intermediate,생산/제조,"volume, capability, potential",limitation,"maximize, output, quota"
5,15,component,"부품, (구성)요소",650,9,noun,intermediate,생산/제조,"part, element, ingredient",whole,"assembly, specification, equipment"
5,16,make,"~을 하다, ~을 만들다",650,9,verb,basic,생산/제조,"produce, manufacture, create",destroy,"quality, operation, factory"
5,17,material,"재료, 물질",650,9,noun,basic,생산/제조,"component, substance, raw material",none,"supply, inventory, manufacturing"
5,18,production,"생산량, 생산",650,9,noun,basic,생산/제조,"output, manufacturing, yield","consumption, idling","capacity, quality control, operate"
5,19,eliminate,제거하다,650,9,verb,intermediate,생산/제조,"remove, abolish, discard","include, incorporate","reduce, efficiency, production"
5,20,fuel,연료,650,9,noun,basic,생산/제조,"energy, power, resource",none,"operate, consumption, inventory"
5,21,examination,"진찰, 검사",650,9,noun,basic,생산/제조,"inspection, scrutiny, audit","disregard, neglect","inspect, quality, test"
5,22,emission,"배기가스, 방출",650,9,noun,intermediate,생산/제조,"release, discharge, output","absorption, containment","production, regulation, pollution"
5,23,consistently,"항상, 일관되게",650,8,adverb,intermediate,생산/제조,"uniformly, regularly, steadily","erratically, inconsistently","quality, standard, maintain"
5,24,sample,"견본,샘플,표본,시식하다,(견본으로 질을) 시험하다",650,8,noun,basic,생산/제조,"specimen, example, trial","entirety, whole","quality, testing, inspection"
5,25,inspect,"~을 검사하다, 조사하다",650,8,verb,intermediate,생산/제조,"examine, check, scrutinize","overlook, disregard","quality, audit, facility"
5,26,combine,결합시키다,650,8,verb,basic,생산/제조,"merge, integrate, unite","separate, divide","assembly, component, acquisition"
5,27,substitute,"대용품, 대신하다",650,8,verb,intermediate,생산/제조,"replacement, backup, alternate","original, primary","alternative, temporary, material"
5,28,consumption,"소비(량), 소모",650,8,noun,intermediate,생산/제조,"usage, utilization, spending","production, saving","resources, quantity, demand, supply"
5,29,device,장치,650,8,noun,basic,생산/제조,"apparatus, mechanism, gadget",none,"equipment, machinery, tool, component"
5,30,specification,"명세서, 설명서, 사양",650,8,noun,intermediate,생산/제조,"requirement, detail, blueprint","generalization, abstraction","manual, comply, standard"
5,31,ingredient,"재료, 성분",650,8,noun,intermediate,생산/제조,"component, element, factor",none,"raw material, quality, manufacture"
5,32,chemical,화학 제품,650,8,noun,basic,생산/제조,"substance, compound, agent",none,"material, ingredient, formula"
5,33,measurement,"측정, 측량, 치수",650,8,noun,intermediate,생산/제조,"dimension, gauge, assessment",none,"standard, evaluate, quantity"
5,34,waste,"쓰레기, 폐기물",650,8,noun,basic,생산/제조,"rubbish, refuse, discard","asset, resource","disposal, recycling, pollution"
5,35,deficient,"부족한, 불충분한",650,7,adjective,advanced,생산/제조,"inadequate, insufficient, lacking","sufficient, abundant","quality, supply, standard"
5,36,freshness,신선함,650,7,noun,intermediate,생산/제조,"novelty, vitality, quality","staleness, decay","production, inventory, expiration date"
5,37,discharge,방출하다,650,7,verb,intermediate,생산/제조,"release, emit, dispense","contain, absorb","waste, regulation, operation"
5,38,contaminate,오염시키다,650,7,verb,intermediate,생산/제조,"pollute, taint, spoil","purify, cleanse","quality control, safety, regulation"
5,39,preserve,"보존하다, 보호하다",650,7,verb,intermediate,생산/제조,"maintain, conserve, protect","destroy, damage","storage, quality, facility"
5,40,deplete,고갈시키다,650,7,verb,intermediate,생산/제조,"exhaust, consume, drain","replenish, restore","resource, inventory, shortage"
5,41,purify,정화시키다,650,6,verb,intermediate,생산/제조,"refine, filter, cleanse","contaminate, pollute","quality, standard, process"
5,42,fabric,"섬유, 천",650,6,noun,intermediate,생산/제조,"material, textile, cloth",none,"raw material, production, inventory"
5,43,automotive,자동차의,650,6,adjective,intermediate,생산/제조,"vehicular, motorized, self-propelled",none,"assembly line, transportation, manufacturing"
5,44,commodity,"상품, 산물",650,5,other,intermediate,생산/제조,"good, product, merchandise",service,"supply, demand, trade"
5,45,article,"물품, 물건, 기사, 논설",650,5,other,intermediate,생산/제조,"item, commodity, publication",none,"inventory, goods, produce"
5,46,prevention,예방,650,5,other,intermediate,생산/제조,"avoidance, hindrance, safeguard","causation, initiation","safety, precaution, measure"
5,47,delivery,배달,650,10,noun,basic,물류/배송,"shipment, dispatch, conveyance","pick-up, collection","transport, logistics, tracking"
5,48,arrive,도착하다,650,10,verb,basic,물류/배송,"reach, come, get to","depart, leave","shipment, destination, delivery"
5,49,inventory,"재고품, 재고 목록",650,10,noun,intermediate,물류/배송,"stock, merchandise, supply","shortage, scarcity","storage, warehouse, shipment"
5,50,order,"주문하다, 주문, 주문품",650,10,noun,basic,물류/배송,"request, command, purchase","cancel, receive","delivery, purchase, invoice"
5,51,supply,"공급하다, 공급, 비품, 소모품",650,10,noun,basic,물류/배송,"provide, provision, stock","demand, shortage","inventory, logistics, vendor"
5,52,transportation,"교통 (수단), 운송 수단",650,10,noun,basic,물류/배송,"conveyance, delivery, transit",none,"shipment, vehicle, route"
5,53,receive,"받다, 수취하다",650,10,verb,basic,물류/배송,"accept, obtain, acquire","send, transmit","recipient, delivery, invoice"
5,54,vehicle,"차량, 운송 수단",650,10,noun,basic,물류/배송,"transport, automobile, carrier",none,"shipment, logistics, delivery"
5,55,domestic,"국내의, 국산의",650,9,adjective,intermediate,물류/배송,"local, native, internal","international, foreign, global","export, import, logistics"
5,56,forward,"앞으로, (물건, 정보를)보내다",650,9,verb,basic,물류/배송,"transmit, send, dispatch","receive, withhold","shipment, delivery, logistics"
5,57,provider,"공급자, 제공자",650,9,noun,basic,물류/배송,"supplier, vendor, distributor","recipient, consumer","supply chain, procurement, logistics"
5,58,ship,"(배나 다른 운송 수단으로)운송하다,수송하다
선박, 배",650,9,verb,basic,물류/배송,"transport, dispatch, convey",receive,"freight, container, carrier"
5,59,outgoing,"(장소를)출발하는, 떠나는, (지위를) 떠나는",650,9,adjective,basic,물류/배송,"departing, outward, exiting","incoming, arriving","shipment, delivery, freight"
5,60,distribute,"배포하다, 배급하다",650,9,verb,intermediate,물류/배송,"disseminate, circulate, allocate","collect, retain","shipment, delivery, logistics"
5,61,short,부족한,650,9,adjective,basic,물류/배송,"insufficient, deficient, scarce","abundant, sufficient","shortage, deficit, lack"
5,62,damaged,"손상된, 손해를 입은",650,9,adjective,basic,물류/배송,"impaired, spoiled, defective","repaired, intact","claim, compensation, shipment"
5,63,warehouse,"창고, 저장소",650,9,noun,intermediate,물류/배송,"depot, storage facility, stockroom",none,"inventory, logistics, shipment"
5,64,carrier,"항공사, 수송기, 수송 회사",650,9,noun,basic,물류/배송,"transporter, shipper, haulage company",none,"shipment, freight, logistics"
5,65,passenger,승객,650,9,noun,basic,물류/배송,"traveler, commuter, tourist","driver, crew","flight, booking, itinerary"
5,66,storage,"보관소, 저장소",650,9,noun,basic,물류/배송,"warehouse, repository, inventory",none,"logistics, facility, keep stock"
5,67,customs,세관,650,9,noun,basic,물류/배송,"tariff, duties, inspection",none,"declaration, shipment, import"
5,68,destination,목적지,650,9,noun,basic,물류/배송,"goal, terminus, location","origin, departure","itinerary, route, shipment"
5,69,transfer,"보내다, 전근시키다",650,9,verb,intermediate,물류/배송,"relocate, move, transmit","retain, keep","shipment, delivery, dispatch"
5,70,drive,"(차 등을) 운전하다, 타고 가다, 조종하다",650,9,verb,basic,물류/배송,"operate, pilot, maneuver",none,"vehicle, logistics, route"
5,71,rapid,"빠른, 신속한",650,9,adjective,intermediate,물류/배송,"swift, quick, accelerated","slow, gradual","delivery, shipment, efficient"
5,72,distribution,"분배, 배급",650,9,noun,basic,물류/배송,"allocation, dispersal, circulation","collection, retention","shipment, transport, warehouse"
5,73,fare,교통 요금,650,9,noun,basic,물류/배송,"fee, charge, tariff",none,"transport, expense, ticket"
5,74,congestion,"(교통의)체증, 혼잡",650,9,noun,intermediate,물류/배송,"crowding, gridlock, bottleneck","clearance, openness","traffic, transit, delay"
5,75,transit,"교통, 수송",650,9,noun,intermediate,물류/배송,"transportation, conveyance, shipment","immobility, standstill","delivery, logistics, route"
5,76,damage,"피해, 손해, (물건을) 손상시키다",650,9,noun,basic,물류/배송,"harm, loss, detriment","repair, benefit","insurance, claim, liability"
5,77,fill,"~을 채우다, (주문대로) 이행하다",650,8,verb,basic,물류/배송,"complete, execute, fulfill","empty, cancel","order, request, shipment"
5,78,missing,"분실된, 없어진",650,8,adjective,basic,물류/배송,"absent, lost, unaccounted for","present, available","inventory, locate, shipment"
5,79,move,"옮기다, 움직이다, 조치, 수단, 이동, 이사",650,8,verb,basic,물류/배송,"transfer, relocate, action","remain, stabilize","logistics, shipment, shift"
5,80,securely,"(매듭 등이) 단단하게, 튼튼하게",650,8,adverb,intermediate,물류/배송,"safely, firmly, tightly","loosely, precariously","packing, storage, protection, handling"
6,1,development,"개발, 발전",650,10,noun,basic,연구개발,"progress, expansion, growth","stagnation, decline","research, innovation, technology"
6,2,environmental,환경적인,650,10,adjective,basic,연구개발,"ecological, natural, sustainability",none,"sustainability, regulation, impact"
6,3,compatible,"호환되는, 양립할 수 있는",650,9,adjective,intermediate,연구개발,"consistent, matching, suitable","incompatible, conflicting","integration, system, specification"
6,4,advanced,"고급의, 진보한, 앞선",650,9,adjective,intermediate,연구개발,"sophisticated, progressive, cutting-edge","basic, rudimentary","technology, innovation, feature"
6,5,innovative,혁신적인,650,9,adjective,intermediate,연구개발,"pioneering, creative, cutting-edge","conventional, outdated","development, technology, breakthrough"
6,6,examine,조사하다,650,9,verb,intermediate,연구개발,"inspect, review, investigate","overlook, ignore","assessment, survey, data"
6,7,analysis,분석,650,9,noun,intermediate,연구개발,"evaluation, examination, breakdown","synthesis, assumption","data, statistics, report"
6,8,analyze,"분석하다, 분석적으로 검토하다",650,9,verb,intermediate,연구개발,"examine, assess, study","guess, ignore","findings, methodology, evaluate"
6,9,survey,설문 조사,650,9,noun,intermediate,연구개발,"questionnaire, poll, investigation",none,"data, analyze, research"
6,10,analyst,분석가,650,9,noun,basic,연구개발,"researcher, examiner, scrutinizer",none,"evaluate, statistics, interpret"
6,11,manual,"설명서, 안내서",650,9,noun,basic,연구개발,"guide, handbook, instruction",none,"procedure, operation, troubleshoot"
6,12,research,"연구, 조사",650,9,noun,basic,연구개발,"investigation, study, analysis",none,"innovation, develop, data"
6,13,enhance,"(질 등을) 향상시키다, 높이다, 강화하다",650,9,verb,intermediate,연구개발,"improve, boost, strengthen","diminish, weaken","efficiency, quality, upgrade"
6,14,outcome,결과,650,9,noun,basic,연구개발,"result, consequence, resolution","cause, beginning","project, achievement, finalize"
6,15,search,"찾기, 수색, 조사",650,9,verb,basic,연구개발,"investigation, inquiry, look","abandon, ignore","research, analyze, survey"
6,16,study,연구,650,9,noun,basic,연구개발,"research, analysis, investigation",none,"finding, data, report"
6,17,creative,"창조적인, 독창적인",650,8,adjective,basic,연구개발,"innovative, imaginative, original","unoriginal, dull","innovation, design, develop"
6,18,upgrade,"업그레이드,개량형,업그레이드하다,개선하다",650,8,verb,basic,연구개발,"improve, modernize, enhance","downgrade, reduce","system, equipment, maintenance"
6,19,expertise,"전문 지식, 전문 기술",650,8,noun,intermediate,연구개발,"specialization, knowledge, skill set","amateurism, ignorance","consultant, field, specialist"
6,20,comparable,"필적하는, 비교되는",650,8,adjective,intermediate,연구개발,"equivalent, similar, relative","incomparable, unmatched","standard, benchmark, analysis"
6,21,patent,"특허, 특허권, 특허품",650,8,noun,intermediate,연구개발,"copyright, license, exclusive right",none,"invention, innovation, R&D, intellectual property"
6,22,comparison,비교,650,8,noun,intermediate,연구개발,"correlation, analogy, analysis","divergence, difference","evaluate, metric, standard"
6,23,respondent,응답자,650,8,noun,intermediate,연구개발,"interviewee, participant, answerer",questioner,"survey, feedback, data"
6,24,predict,예측하다,650,8,verb,intermediate,연구개발,"forecast, anticipate, project","recount, verify","projection, estimate, trend"
6,25,diagnosis,진단,650,8,noun,intermediate,연구개발,"analysis, assessment, evaluation",none,"findings, examine, results"
6,26,detect,"간파하다, 탐지하다",650,7,verb,intermediate,연구개발,"discover, recognize, perceive","overlook, miss","inspection, analysis, monitor"
6,27,transform,"바꾸다, 변모시키다",650,7,verb,intermediate,연구개발,"convert, alter, revolutionize","maintain, preserve","innovation, upgrade, modification"
6,28,sophisticated,"(기계가)정교한, 복잡한, 세련된",650,7,adjective,intermediate,연구개발,"complex, advanced, elaborate","simple, basic","technology, prototype, innovation"
6,29,revolutionary,혁명적인,650,7,adjective,intermediate,연구개발,"innovative, groundbreaking, pioneering","conventional, outdated","technology, develop, innovation"
6,30,contemporary,"동시대의, 현대의, 당대의",650,7,adjective,intermediate,연구개발,"modern, current, present-day","antique, historical","trend, innovation, technology"
6,31,explore,"조사하다, 탐구하다",650,7,verb,intermediate,연구개발,"investigate, examine, research","ignore, neglect","study, analysis, development"
6,32,insight,"식견, 통찰력",650,7,noun,intermediate,연구개발,"perception, understanding, discernment","ignorance, blindness","research, analyze, evaluate"
6,33,symptom,증상,650,7,noun,intermediate,연구개발,"sign, indicator, manifestation",none,"diagnosis, issue, analysis"
6,34,abstract,"추상적인, 막연한",650,6,adjective,intermediate,연구개발,"theoretical, conceptual, vague","concrete, specific, tangible","concept, theory, summary"
6,35,intensively,집중적으로,650,6,adverb,intermediate,연구개발,"vigorously, thoroughly, focusedly","lightly, sporadically","research, dedicate, effort"
6,36,attribute,(원인을)~의 덕분으로 돌리다,650,6,verb,intermediate,연구개발,"credit, ascribe, assign","deny, disclaim","cause, result, analysis"
6,37,unprecedented,전례 없는,650,6,adjective,advanced,연구개발,"unmatched, unparalleled, unique","common, routine","innovation, breakthrough, benchmark"
6,38,inspiration,영감,650,6,noun,intermediate,연구개발,"creativity, stimulus, insight","apathy, indifference","innovation, develop, breakthrough"
6,39,develop,개발하다,650,5,other,intermediate,연구개발,"cultivate, create, expand","shrink, diminish","innovation, product, strategy"
6,40,effective,"효과적인, (법률 등이) 발효되는, 시행되는",650,10,adjective,intermediate,경영/관리,"efficient, productive, operative","ineffective, unsuccessful","measure, performance, evaluate"
6,41,policy,"규정, 보험 증권",650,10,noun,basic,경영/관리,"regulation, guideline, procedure",none,"enforce, rule, standard"
6,42,approval,"승인, 인가",650,10,noun,basic,경영/관리,"sanction, authorization, consent","rejection, disapproval","submission, confirm, authorized"
6,43,affect,"~에 영향을 미치다, 불리하게 작용하다",650,10,verb,basic,경영/관리,"influence, impact, alter","disregard, ignore","consequence, result, outcome"
6,44,department,(조직 및 기구의) 부서,650,10,noun,basic,경영/관리,"division, section, unit",none,"manager, organization, staff"
6,45,identify,"알아보다, 확인하다",650,10,verb,intermediate,경영/관리,"recognize, determine, pinpoint","mistake, overlook","analyze, investigate, diagnose"
6,46,responsible,"책임이 있는, 책임져야 할",650,10,adjective,basic,경영/관리,"accountable, liable, in charge","irresponsible, free","supervise, duty, task"
6,47,raise,"높이다, 올리다, (의문을)제기하다",650,10,verb,basic,경영/관리,"elevate, increase, propose","lower, decrease","concern, issue, discuss"
6,48,lead,"이끌다, 지휘하다, (어떤 결과에)이르다",650,10,verb,basic,경영/관리,"guide, supervise, direct","follow, yield","management, leadership, coordinate"
6,49,manage,"~을 경영하다, 가까스로 하다",650,10,verb,basic,경영/관리,"administer, supervise, handle","neglect, mismanage","coordinate, organization, executive"
6,50,establish,설립하다,650,10,verb,basic,경영/관리,"found, set up, institute","dissolve, dismantle","corporation, organize, policy"
6,51,improve,"향상시키다, 개선하다",650,10,verb,basic,경영/관리,"enhance, upgrade, ameliorate","decline, worsen","quality, develop, performance"
6,52,organize,"준비하다, 조직하다, 정리하다",650,10,verb,basic,경영/관리,"arrange, structure, coordinate","disorder, disrupt","schedule, plan, delegate"
6,53,run,"~을 운영하다, 경영하다,
(공연, 영화 등이) 상영되다, 계속되다",650,10,verb,basic,경영/관리,"operate, manage, administer","shut down, halt","supervise, business, operation"
6,54,decision,"결정, 판단",650,10,noun,basic,경영/관리,"ruling, conclusion, judgment","indecision, hesitation","policy, approve, determine"
6,55,hold,"~을 수용하다, ~을 담다,
(회의 등을)개최하다, 열다",650,10,verb,basic,경영/관리,"host, conduct, accommodate","cancel, postpone","meeting, venue, capacity"
6,56,grow,"성장하다, 성장시키다, 증가시키다",650,10,verb,basic,경영/관리,"increase, expand, develop","shrink, decrease","revenue, expansion, market"
6,57,certain,"확신하는, 확실한, 특정한",650,10,adjective,basic,경영/관리,"specific, assured, definite","uncertain, unsure","guarantee, clarify, determine"
6,58,critical,"비판적인, 중요한, 위기의",650,10,adjective,basic,경영/관리,"crucial, essential, vital","minor, trivial","importance, priority, necessary"
6,59,likely,~할 것 같은,650,10,adjective,basic,경영/관리,"probable, possible, expected","unlikely, improbable","estimate, projection, forecast"
6,60,step,"단계, 조치, 수단",650,10,noun,basic,경영/관리,"measure, procedure, phase",none,"progress, implement, process"
6,61,opportunity,기회,650,10,noun,basic,경영/관리,"chance, prospect, opening","impediment, disadvantage","growth, prospect, challenge"
6,62,consider,고려하다,650,10,verb,basic,경영/관리,"evaluate, contemplate, deliberate","disregard, ignore","decision, analyze, assessment"
6,63,management,"경영진, 경영",650,10,noun,basic,경영/관리,"administration, supervision, leadership","labor, staff","policy, coordinate, executive"
6,64,official,"공무원, 관리, 공식적인",650,10,adjective,basic,경영/관리,"formal, authorized, legitimate","unofficial, informal","procedure, policy, regulation"
6,65,authority,"권한, 당국",650,10,noun,basic,경영/관리,"power, jurisdiction, authorization","subordination, impotence","management, regulation, supervise"
6,66,appropriate,"적당한, 적합한",650,10,adjective,basic,경영/관리,"suitable, proper, relevant","inappropriate, unsuitable","qualify, standard, policy"
6,67,performance,"실적, 성과, 공연, 연주, 연기",650,10,noun,basic,경영/관리,"achievement, output, execution","failure, inefficiency","evaluation, productivity, standard"
6,68,responsibility,"부담, 책임, 의무",650,10,noun,intermediate,경영/관리,"duty, obligation, accountability","irresponsibility, freedom","supervise, task, manage"
6,69,recognize,"인정하다, 알아보다",650,10,verb,basic,경영/관리,"acknowledge, identify, validate","ignore, overlook","reward, appraisal, achievement"
6,70,solution,해결책,650,10,noun,basic,경영/관리,"resolution, answer, remedy","problem, difficulty","resolve, approach, strategy"
6,71,resource,자원,650,10,noun,basic,경영/관리,"asset, supply, material","deficit, lack","budget, allocate, funding"
6,72,organization,단체,650,10,noun,basic,경영/관리,"company, corporation, institution",individual,"structure, personnel, enterprise"
6,73,on behalf of,~을 대신해서,650,10,phrase,basic,경영/관리,"representing, authorized by, acting for",none,"delegate, authorization, representative"
6,74,closely,"면밀히, 엄밀히",650,9,adverb,intermediate,경영/관리,"carefully, strictly, intensely","loosely, vaguely","supervise, examine, review"
6,75,succeed,"성공하다, 뒤를 잇다",650,9,verb,intermediate,경영/관리,"achieve, flourish, follow","fail, precede","goal, performance, objective"
6,76,authorize,"~을 인가하다, 권한을 부여하다",650,9,verb,intermediate,경영/관리,"approve, permit, delegate","forbid, refuse","permission, authority, regulation"
6,77,commit,"헌신하다, 전념하다",650,9,verb,intermediate,경영/관리,"dedicate, devote, pledge","neglect, abandon","dedication, responsibility, objective"
6,78,consultant,"고문,컨설턴트",650,9,noun,intermediate,경영/관리,"advisor, expert, specialist","trainee, novice","consulting, recommendation, project"
6,79,direct,"~에게 길을 안내하다, 가르쳐주다",650,9,verb,basic,경영/관리,"guide, instruct, manage","follow, mislead","directive, supervisor, coordinate"
6,80,perform,"(일〮과제 〮의무 등을) 행하다, 실행하다",650,9,verb,basic,경영/관리,"execute, carry out, fulfill","neglect, fail","task, duty, evaluation"
7,1,employment,고용,650,10,noun,basic,인사/복지,"job, hiring, recruitment","unemployment, dismissal","salary, employee, position"
7,2,employee,"직원, 고용인",650,10,noun,basic,인사/복지,"worker, personnel, staff member","employer, manager","salary, benefit, position"
7,3,benefit,"혜택, 이익, 혜택을 보다, 이익을 얻다",650,10,noun,basic,인사/복지,"advantage, welfare, perk","drawback, disadvantage","salary, insurance, compensation"
7,4,leave,"휴가, 떠나다, 남기다",650,10,noun,basic,인사/복지,"absence, vacation, time off","return, attendance","benefit, salary, policy"
7,5,eligible,"자격이 있는,적격의",650,9,adjective,intermediate,인사/복지,"qualified, entitled, authorized","ineligible, unqualified","criterion, requirement, application"
7,6,occupation,직업,650,9,noun,basic,인사/복지,"profession, vocation, job",none,"salary, employment, position"
7,7,training,"교육,훈련",650,9,noun,basic,인사/복지,"instruction, education, coaching",none,"orientation, development, workshop"
7,8,wage,"임금, 급료",650,9,noun,basic,인사/복지,"salary, pay, remuneration",deduction,"compensation, benefit, payroll"
7,9,rest,"쉬다, 휴식을 취하다, 휴식, 나머지",650,9,noun,basic,인사/복지,"break, pause, intermission","work, activity","schedule, leave, welfare"
7,10,compensation,"보상금, 보상",650,9,noun,intermediate,인사/복지,"remuneration, payment, salary","penalty, debt","benefit, payroll, allowance"
7,11,workshop,"워크숍, 연수",650,9,noun,basic,인사/복지,"seminar, training session, retreat",none,"development, professional, instructor"
7,12,beneficial,"유익한, 이로운",650,9,adjective,intermediate,인사/복지,"advantageous, profitable, helpful","detrimental, harmful","advantage, welfare, insurance"
7,13,compensate,보상하다,650,9,verb,intermediate,인사/복지,"reimburse, remunerate, repay",penalize,"salary, insurance, expense"
7,14,incentive,"혜택, 장려금",650,9,noun,intermediate,인사/복지,"bonus, motivation, stimulus",disincentive,"salary, commission, performance"
7,15,earn,"(금전 등을)벌다, (평판을) 받다, 얻다",650,9,verb,basic,인사/복지,"gain, acquire, receive","spend, lose","salary, income, wage"
7,16,retire,"퇴직하다, 은퇴하다",650,9,verb,basic,인사/복지,"step down, resign, withdraw","hire, employ","pension, employment, benefit"
7,17,overtime,"초과 근무, 야근",650,9,noun,intermediate,인사/복지,"extra hours, supplementary time, additional work","reduced hours, under time","compensation, wage, shift"
7,18,commute,통근하다,650,9,verb,basic,인사/복지,"travel, journey, transit","telecommute, stay","transportation, distance, traffic"
7,19,salary,급여,650,9,noun,basic,인사/복지,"wage, compensation, pay","debt, liability","employment, benefits, allowance"
7,20,award,"상, (상 등을)수여하다",650,9,noun,intermediate,인사/복지,"prize, recognition, grant",penalty,"salary, bonus, compensate"
7,21,reward,"~에 보답하다, 보상하다, 보상, 포상",650,9,noun,intermediate,인사/복지,"compensation, bonus, recompense","penalty, punishment","incentive, merit, recognition"
7,22,checkup,건강 진단,650,9,noun,basic,인사/복지,"examination, inspection, assessment",none,"wellness, insurance, coverage"
7,23,permanently,"영구적으로, 불변으로",650,8,adverb,intermediate,인사/복지,"perpetually, fixedly, indefinitely","temporarily, briefly","employment, contract, policy"
7,24,entitle,자격을 주다,650,8,verb,intermediate,인사/복지,"qualify, authorize, permit","disqualify, forbid","eligibility, benefit, requirement"
7,25,payroll,"임금 대장, 급료 명부",650,8,noun,intermediate,인사/복지,"wage list, salary roster, compensation list",none,"salary, compensation, benefit"
7,26,personnel,"(집합적)직원, 인원, 인사과",650,8,noun,intermediate,인사/복지,"staff, employees, workforce",none,"human resources, recruitment, department"
7,27,deduct,"공제하다, 빼다",650,8,verb,intermediate,인사/복지,"subtract, withdraw, discount","add, include","salary, compensation, allowance"
7,28,absence,"부재, 결근, 결석",650,8,noun,intermediate,인사/복지,"nonattendance, unavailability, deficiency","presence, attendance","leave, sick day, coverage"
7,29,congratulate,축하하다,650,8,verb,intermediate,인사/복지,"commend, praise, compliment","criticize, censure","award, recognition, performance"
7,30,attitude,"태도, 마음가짐",650,8,noun,basic,인사/복지,"demeanor, mindset, outlook",none,"conduct, appraisal, performance"
7,31,physician,내과 의사,650,8,noun,intermediate,인사/복지,"doctor, practitioner, specialist",none,"insurance, treatment, medical"
7,32,certificate,"증명서, 증서",650,8,noun,intermediate,인사/복지,"diploma, credential, license",none,"qualification, document, verification"
7,33,union,노동조합,650,7,noun,intermediate,인사/복지,"association, guild, federation",management,"negotiation, employee, collective bargaining"
7,34,praise,칭찬,650,7,noun,intermediate,인사/복지,"compliment, commendation, acclaim","criticism, reprimand","performance, review, morale"
7,35,labor,"노동, 일하다, 노동하다",650,7,noun,basic,인사/복지,"workforce, toil, employment","leisure, idleness","salary, employee, productivity"
7,36,treatment,"대우, 처우",650,7,noun,intermediate,인사/복지,"handling, management, conduct",neglect,"compensation, welfare, policy"
7,37,deserve,"~할 만하다, ~할 가치가 있다",650,6,verb,intermediate,인사/복지,"merit, earn, be entitled to","forfeit, lose","reward, promotion, compensation"
7,38,exploit,"착취하다, 부당하게 이용하다",650,6,verb,advanced,인사/복지,"misuse, utilize, take advantage of","protect, respect","labor, regulation, ethics"
7,39,dental,치과의,650,5,other,intermediate,인사/복지,"oral, orthodontic, medical",none,"insurance, claim, benefit"
7,40,premium,보험료,650,5,other,intermediate,인사/복지,"fee, charge, insurance payment",discount,"benefit, policy, deductible"
7,41,health,"건강, (사회·기관의) 번영, 안녕",650,5,other,intermediate,인사/복지,"welfare, condition, vitality","illness, decline","insurance, benefit, safety"
7,42,deprivation,"박탈, 상실",650,5,other,intermediate,인사/복지,"loss, lack, absence","acquisition, provision","benefit, compensation, policy"
7,43,coverage,"(보험의) 보상 범위, (신문 등의) 보도, 취재 범위",650,5,other,intermediate,인사/복지,"scope, extent, insurance protection","exclusion, limitation","benefit, policy, premium"
7,44,insurance,보험,650,5,other,intermediate,인사/복지,"coverage, protection, policy",none,"benefit, premium, claim"
7,45,compliance,(명령 〮 법규에의) 준수,650,10,noun,intermediate,법률/규정,"adherence, conformity, observance","violation, noncompliance","regulation, enforce, requirement"
7,46,regulation,규정,650,10,noun,basic,법률/규정,"rule, statute, guideline",none,"enforce, legal, standard"
7,47,required,"필수의, 의무적인",650,10,adjective,basic,법률/규정,"mandatory, compulsory, obligatory","optional, voluntary","regulation, compliance, necessary"
7,48,permission,"허락, 허가",650,10,noun,basic,법률/규정,"authorization, consent, approval","denial, refusal","license, request, procedure"
7,49,allow,"~하게하다, ~을 허락하다",650,10,verb,basic,법률/규정,"permit, authorize, grant","forbid, prohibit","regulation, approval, license"
7,50,safety,안전,650,10,noun,basic,법률/규정,"security, protection, precaution","danger, hazard","regulation, compliance, enforce"
7,51,valid,유효한,650,10,adjective,basic,법률/규정,"legitimate, authorized, effective","invalid, expired","permit, regulation, expiration date"
7,52,adhere,"지키다, 고수하다",650,9,verb,intermediate,법률/규정,"stick, abide by, comply","violate, ignore","regulation, policy, guideline"
7,53,comply,"준수하다, 따르다",650,9,verb,intermediate,법률/규정,"adhere, obey, conform","violate, ignore","regulation, standard, requirement"
7,54,restrict,"한정하다, 제한하다",650,9,verb,intermediate,법률/규정,"limit, confine, restrain","allow, permit","regulation, comply, policy"
7,55,confidential,"기밀의, 내밀한",650,9,adjective,intermediate,법률/규정,"secret, private, classified","public, open","disclosure, security, proprietary"
7,56,exception,예외,650,9,noun,intermediate,법률/규정,"deviation, exclusion, omission","rule, norm","policy, regulation, standard"
7,57,code,"규범, 관례, 암호",650,9,noun,basic,법률/규정,"regulation, standard, ethics",none,"compliance, policy, conduct"
7,58,officially,공식적으로,650,9,adverb,intermediate,법률/규정,"formally, authorizedly, legitimately","unofficially, informally","procedure, approval, document"
7,59,observe,"관찰하다, 주시하다, (규칙 등을) 준수하다,
지키다",650,9,verb,intermediate,법률/규정,"comply, monitor, adhere to","violate, disregard","regulation, procedure, mandate"
7,60,liable,"책임져야 할, ~하기 쉬운",650,9,adjective,advanced,법률/규정,"responsible, accountable, obligated","immune, exempt","compliance, risk, coverage"
7,61,duty,"관세, 세금, 직무, 의무",650,9,noun,basic,법률/규정,"tariff, obligation, responsibility",none,"customs, regulation, compliance"
7,62,mandatory,의무적인,650,9,adjective,intermediate,법률/규정,"compulsory, required, obligatory","optional, voluntary","compliance, regulation, policy"
7,63,pass,"지나가다, 통과하다",650,9,verb,basic,법률/규정,"approve, clear, proceed","fail, reject","regulation, legislation, enforce"
7,64,evident,"분명한, 명백한",650,9,adjective,intermediate,법률/규정,"obvious, apparent, clear","concealed, ambiguous","proof, demonstrate, conclusion"
7,65,investigation,조사,650,9,noun,intermediate,법률/규정,"inquiry, examination, scrutiny",neglect,"examine, enforce, compliance"
7,66,prohibit,금지하다,650,8,verb,intermediate,법률/규정,"forbid, ban, restrict","permit, allow","regulation, law, mandate"
7,67,enforce,"(법률을) 시행하다, 집행하다",650,8,verb,intermediate,법률/규정,"implement, impose, execute","waive, ignore","regulation, compliance, rule"
7,68,legislation,"법률, 법규",650,8,noun,intermediate,법률/규정,"law, statute, regulation",none,"comply, enforce, policy"
7,69,obligation,"의무, 책임",650,8,noun,intermediate,법률/규정,"duty, responsibility, commitment","option, choice","comply, mandate, requirement"
7,70,waive,"(규칙 등을) 적용하지 않다, 
(권리·청구 등을) 포기하다",650,8,verb,intermediate,법률/규정,"relinquish, surrender, forgo","enforce, uphold","fee, regulation, exemption, claim"
7,71,exempt,"면제된, ~이 없는",650,8,adjective,intermediate,법률/규정,"excused, immune, absolved","liable, obligatory","waiver, regulation, compliance, fee"
7,72,evidence,증거,650,8,noun,basic,법률/규정,"proof, data, verification","speculation, conjecture","document, verify, demonstrate"
7,73,caution,"주의, 조심",650,8,noun,intermediate,법률/규정,"warning, prudence, alertness","carelessness, recklessness","regulation, risk, comply"
7,74,severely,"엄격하게, 심하게",650,7,adverb,intermediate,법률/규정,"harshly, strictly, critically","lightly, mildly","penalize, compliance, fine"
7,75,oblige,"어쩔 수 없이 ~하게 하다, ~에게 강요하다",650,7,verb,intermediate,법률/규정,"require, compel, mandate","exempt, allow","comply, mandatory, duty"
7,76,inspector,"조사관, 감독관",650,7,noun,intermediate,법률/규정,"examiner, supervisor, auditor",none,"regulation, compliance, enforce"
7,77,fine,벌금,650,7,noun,intermediate,법률/규정,"penalty, charge, forfeiture","bonus, refund","violation, regulation, comply"
7,78,exclusion,"제외, 배제",650,7,noun,intermediate,법률/규정,"omission, elimination, barring","inclusion, admittance","limitation, exception, clause"
7,79,pollutant,오염 물질,650,7,noun,intermediate,법률/규정,"contaminant, waste, effluent","cleanser, purifier","emission, regulation, compliance"
7,80,abolish,(제도 및 법률 등을) 폐지하다,650,6,verb,intermediate,법률/규정,"eliminate, repeal, cancel","establish, institute","regulation, policy, enforce"
8,1,approximately,대략,650,10,adverb,basic,기타,"roughly, nearly, about","precisely, exactly","estimate, calculation, measurement"
8,2,according to,~에 따라,650,10,phrase,basic,기타,"based on, consistent with, in compliance with",contrary to,"regulations, policy, instruction"
8,3,remain,"계속 ~한 상태이다, 아직 ~해야 한다",650,10,verb,basic,기타,"continue, persist, stay","cease, depart","status, outstanding, current"
8,4,very,"매우, 대단히, 아주",650,10,adverb,basic,기타,"extremely, highly, considerably","slightly, barely","excellent, satisfactory, crucial"
8,5,industry,산업,650,10,noun,basic,기타,"sector, commerce, business",none,"economy, market, corporation"
8,6,hardly,거의~하지 않다,650,10,adverb,basic,기타,"scarcely, rarely, barely","frequently, often","seldom, nearly, inadequate"
8,7,highly,"매우,대단히",650,10,adverb,basic,기타,"extremely, greatly, significantly","slightly, barely","important, successful, valuable"
8,8,effort,노력,650,10,noun,basic,기타,"endeavor, attempt, exertion","idleness, negligence","achieve, goal, performance"
8,9,entire,전체의,650,10,adjective,basic,기타,"whole, complete, total","partial, fraction","comprehensive, overall, full"
8,10,recently,최근에,650,10,adverb,basic,기타,"lately, newly, freshly","previously, formerly","update, schedule, current"
8,11,last,지속되다,650,10,verb,basic,기타,"continue, endure, persist","end, finish","duration, schedule, period"
8,12,reach,"(치수·양 등이) ~에 달하다, ~에 도착하다",650,10,verb,basic,기타,"achieve, attain, arrive","fail, miss","goal, target, milestone"
8,13,eventually,"결국, 마침내",650,10,adverb,basic,기타,"ultimately, finally, in the end","immediately, initially","outcome, result, conclusion"
8,14,depend on,"~에 달려 있다, ~에게 의존하다",650,10,phrase,basic,기타,"rely on, count on, hinge on","disregard, ignore","condition, outcome, factor"
8,15,significantly,"상당히, 두드러지게",650,10,adverb,basic,기타,"considerably, remarkably, notably","slightly, negligibly","increase, reduction, improve"
8,16,choice,"선택물, 선택 사항, 선택",650,10,noun,basic,기타,"option, selection, preference","necessity, requirement","choose, decision, alternative"
8,17,recent,최근의,650,10,adjective,basic,기타,"current, latest, new","past, old","updated, formerly, development"
8,18,currently,현재,650,10,adverb,basic,기타,"presently, now, nowadays","formerly, previously","recent, status, ongoing"
8,19,previously,이전에,650,10,adverb,basic,기타,"formerly, earlier, prior","currently, presently","initial, past, subsequent"
8,20,prior,"전의, 먼저의",650,10,adjective,intermediate,기타,"previous, preceding, former","subsequent, following","advance, deadline, preparation"
8,21,various,"여러 가지의, 가지각색의",650,10,adjective,basic,기타,"diverse, multiple, numerous","identical, uniform","selection, range, assortment"
8,22,include,포함하다,650,10,verb,basic,기타,"comprise, contain, incorporate","exclude, omit","feature, component, listing"
8,23,possible,"가능한, 있음 직한",650,10,adjective,basic,기타,"feasible, achievable, potential","impossible, unlikely","probability, practicality, likelihood"
8,24,necessary,필요한,650,10,adjective,basic,기타,"essential, required, requisite","unnecessary, optional","requirement, mandatory, critical"
8,25,comprehensive,"종합적인, 포괄적인",650,10,adjective,intermediate,기타,"thorough, complete, exhaustive","partial, limited","review, policy, analysis"
8,26,significant,"상당한, 중대한, 중요한",650,10,adjective,intermediate,기타,"substantial, crucial, important","trivial, minor","impact, factor, amount"
8,27,chance,"가능성, 기회",650,10,noun,basic,기타,"opportunity, possibility, prospect","certainty, inevitability","potential, forecast, available"
8,28,occasionally,"가끔, 때때로",650,9,adverb,basic,기타,"sometimes, periodically, sporadically","constantly, frequently","often, rarely, seldom"
8,29,especially,특히,650,9,adverb,basic,기타,"particularly, notably, primarily","generally, commonly","specific, important, focus"
8,30,appear,"나타나다, 출현하다",650,9,verb,basic,기타,"emerge, show up, look","disappear, vanish","announcement, attendance, publish"
8,31,largely,"주로, 대부분",650,9,adverb,basic,기타,"mainly, primarily, chiefly","rarely, slightly","frequently, entirely, focus"
8,32,essential,"필수적인, 극히 중요한, 본질적인",650,9,adjective,basic,기타,"crucial, necessary, vital","unnecessary, optional","mandatory, requirement, critical"
8,33,fairly,"상당히, 꽤",650,9,adverb,basic,기타,"considerably, reasonably, moderately","extremely, barely","slightly, highly, quite"
8,34,relatively,상대적으로,650,9,adverb,intermediate,기타,"comparatively, proportionally, moderately","absolutely, entirely","significant, marginal, average"
8,35,exactly,정확히,650,9,adverb,basic,기타,"precisely, accurately, strictly","approximately, loosely","calculation, specific, verify"
8,36,extremely,"극도로, 대단히",650,9,adverb,basic,기타,"highly, tremendously, exceptionally","slightly, minimally","quality, significantly, evaluate"
8,37,major,"주요한, 중대한",650,9,adjective,basic,기타,"principal, significant, crucial","minor, trivial","priority, focus, critical"
8,38,rapidly,"급속히, 빨리",650,9,adverb,basic,기타,"swiftly, quickly, promptly","slowly, gradually","growth, acceleration, promptness"
8,39,limited,"제한된, 한정된",650,9,adjective,basic,기타,"restricted, scarce, confined","unlimited, abundant","capacity, resource, constraint"
8,40,particular,특정한,650,9,adjective,basic,기타,"specific, certain, precise","general, vague","detail, specification, item"
8,41,manner,"방식, 태도",650,9,noun,basic,기타,"method, way, demeanor",none,"procedure, protocol, approach"
8,42,impact,"영향, 충격",650,9,noun,intermediate,기타,"effect, influence, consequence","cause, origin","outcome, result, analyze"
8,43,variety,"다양성, 변화, 종류, 품종",650,9,noun,basic,기타,"diversity, assortment, range","uniformity, homogeneity","selection, inventory, numerous"
8,44,respectively,"각각, 따로",650,9,adverb,intermediate,기타,"separately, individually, correspondingly","jointly, collectively","consecutive, sequence, prior"
8,45,initial,"처음의, 최초의",650,9,adjective,basic,기타,"preliminary, earliest, primary","final, subsequent","phase, commence, starting"
8,46,majority,"대부분, 대다수",650,9,noun,basic,기타,"bulk, preponderance, plurality",minority,"consensus, portion, percentage"
8,47,influence,"~에 영향을 주다, 영향",650,9,noun,basic,기타,"impact, affect, sway",none,"factor, decisive, consequence"
8,48,entirely,완전히,650,9,adverb,basic,기타,"wholly, completely, absolutely","partially, somewhat","fully, highly, significantly"
8,49,international,국제적인,650,9,adjective,basic,기타,"global, worldwide, foreign","domestic, local","export, trade, tariff"
8,50,incorrect,부정확한,650,9,adjective,basic,기타,"inaccurate, flawed, erroneous","correct, precise","error, verification, faulty"
8,51,extensive,"광범위한, 넓은",650,9,adjective,intermediate,기타,"broad, widespread, comprehensive","limited, narrow","scope, coverage, detail"
8,52,completely,"전적으로, 완전히",650,9,adverb,basic,기타,"entirely, fully, thoroughly",partially,"absolute, finished, comprehensive"
8,53,regular,"정기적인, 단골의",650,9,adjective,basic,기타,"scheduled, routine, consistent","irregular, occasional","frequency, routinely, appointment"
8,54,frequently,"자주, 흔히",650,9,adverb,basic,기타,"often, regularly, repeatedly","rarely, seldom","schedule, routine, consistently"
8,55,usually,"보통, 일반적으로",650,9,adverb,basic,기타,"generally, typically, normally","rarely, seldom","routinely, standard, often"
8,56,enroll,등록하다,650,9,verb,intermediate,기타,"register, sign up, join","withdraw, cancel","registration, application, membership"
8,57,easy,"쉬운, 용이한",650,9,adjective,basic,기타,"simple, effortless, manageable","difficult, complex","convenient, accessible, smoothly"
8,58,considerable,(정도나 양이) 상당한,650,9,adjective,intermediate,기타,"substantial, significant, ample","slight, minimal","amount, increase, major"
8,59,head,"(~의 방향으로) 나아가다, 향하게 하다",650,9,verb,basic,기타,"proceed, move toward, go","retreat, return","direction, destination, route"
8,60,vary,"다르다, 다양하다",650,9,verb,basic,기타,"fluctuate, differ, change","remain constant, standardize","diversity, range, factor"
8,61,unexpected,예기치 않은,650,9,adjective,intermediate,기타,"unforeseen, sudden, surprising","anticipated, predictable","delay, circumstance, incident"
8,62,result,"결과, (~의 결과로) 되다",650,9,noun,basic,기타,"outcome, consequence, effect","cause, origin","measure, evaluation, performance"
8,63,preference,선호,650,9,noun,intermediate,기타,"choice, priority, inclination","dislike, aversion","option, selection, recommend"
8,64,easily,쉽게,650,9,adverb,basic,기타,"readily, effortlessly, simply","difficultly, hardly","simple, efficient, smooth"
8,65,occur,"(일이) 발생하다, 생기다",650,9,verb,intermediate,기타,"happen, arise, take place","cease, prevent","incident, situation, event"
8,66,solely,전적으로,650,9,adverb,intermediate,기타,"exclusively, only, merely","jointly, partially","entirely, unique, primarily"
8,67,numerous,많은,650,9,adjective,basic,기타,"abundant, countless, manifold","few, scarce","majority, several, quantity"
8,68,community,"지역 사회, 공동체",650,9,noun,basic,기타,"public, neighborhood, society","individual, isolation","relation, local, initiative"
8,69,identification,"신분증, 신분 증명서",650,9,noun,intermediate,기타,"credentials, ID, verification",none,"passport, entry, security"
8,70,mark,"점수, 평점, 표시, 기념하다, 축하하다",650,9,noun,basic,기타,"score, grade, designate","erase, ignore","label, quality, standard"
8,71,after all,결국,650,8,phrase,basic,기타,"eventually, ultimately, finally",initially,"conclusion, outcome, result"
8,72,drastically,"심하게, 과감하게, 철저하게",650,8,adverb,intermediate,기타,"severely, radically, extremely","slightly, moderately","change, reduce, improve"
8,73,in common,"공통으로, 공동으로",650,8,phrase,basic,기타,"jointly, mutually, shared","separately, individually","collaborative, agreement, collective"
8,74,constant,"지속적인, 끊임없이 계속하는",650,8,adjective,basic,기타,"continuous, steady, perpetual","intermittent, variable","consistently, frequently, maintain"
8,75,absolutely,"절대적으로, 완전히",650,8,adverb,basic,기타,"certainly, definitely, completely","partially, perhaps","entirely, precisely, thoroughly"
8,76,necessarily,반드시,650,8,adverb,intermediate,기타,"inevitably, essentially, certainly","optionally, possibly","required, mandatory, essential"
8,77,seasonal,"계절의, 계절적인",650,8,adjective,intermediate,기타,"periodic, temporary, cyclical","permanent, constant","fluctuation, trend, peak"
8,78,subsequent,"차후의, 그 다음의",650,8,adjective,advanced,기타,"following, succeeding, ensuing","preceding, prior","sequence, update, later"
8,79,lack,"~이 없다,부족",650,8,verb,intermediate,기타,"shortage, deficit, deficiency","abundance, surplus","insufficient, need, resource"
8,80,consecutive,연속적인,650,8,adjective,intermediate,기타,"successive, continuous, uninterrupted","sporadic, non-sequential","sequence, period, series"
